E (30311) wifi:sta is connecting, return error
32218  100  8  0 0 0 0 9C 1 FF 0 
32219  638  8  4D 4B 48 A 0 0 0 1 
32220  639  8  11 A0 0 0 0 0 0 0 
32228  101  8  0 0 0 0 0 0 0 0 
32238  102  8  1 93 1 0 0 0 CC 0 
32318  100  8  0 0 0 0 9C 1 FF 0 
32319  638  8  4D 4B 48 A 0 0 0 0 
32320  639  8  11 A0 0 0 0 0 0 0 
32328  101  8  0 0 0 0 0 0 0 0 
32338  102  8  1 93 1 0 0 0 CC 0 
32418  100  8  0 0 0 0 9C 1 FF 0 
32419  638  8  4D 4B 48 A 0 0 0 1 
32420  639  8  11 A0 0 0 0 0 0 0 
32427  101  8  0 0 0 0 0 0 0 0 
32438  102  8  1 93 1 0 0 0 CC 0 
32518  100  8  0 0 0 0 9C 1 FF 0 
32519  638  8  4D 4B 48 A 0 0 0 0 
32520  639  8  11 A0 0 0 0 0 0 0 
32528  101  8  0 0 0 0 0 0 0 0 
32538  102  8  1 93 1 0 0 0 CC 0 
32620  100  8  0 0 0 0 9C 1 FF 0 
32621  638  8  4D 4B 48 A 0 0 0 1 
32622  639  8  11 A0 0 0 0 0 0 0 
32630  101  8  0 0 0 0 0 0 0 0 
32640  102  8  1 93 1 0 0 0 CC 0 
32720  100  8  0 0 0 0 9C 1 FF 0 
32721  638  8  4D 4B 48 A 0 0 0 0 
32722  639  8  11 A0 0 0 0 0 0 0 
32729  101  8  0 0 0 0 0 0 0 0 
32740  102  8  1 93 1 0 0 0 CC 0 
32820  100  8  0 0 0 0 9C 1 FF 0 
32821  638  8  4D 4B 48 A 0 0 0 1 
32822  639  8  11 A0 0 0 0 0 0 0 
32829  101  8  0 0 0 0 0 0 0 0 
32840  102  8  1 93 1 0 0 0 CC 0 
32920  100  8  0 0 0 0 9C 1 FF 0 
32921  638  8  4D 4B 48 A 0 0 0 0 
32922  639  8  11 A0 0 0 0 0 0 0 
32930  101  8  0 FF 1 0 0 0 0 0 
32940  102  8  1 93 1 0 0 0 CC 0 
33020  100  8  0 0 0 0 9C 1 FF 0 
33021  638  8  4D 4B 48 A 0 0 0 1 
33022  639  8  11 A0 0 0 0 0 0 0 
33030  101  8  0 FF 1 0 0 0 0 0 
33040  102  8  1 93 1 0 0 0 CC 0 
33120  100  8  0 0 0 0 9C 1 FF 0 
33121  638  8  4D 4B 48 A 0 0 0 0 
33122  639  8  11 A0 F 0 0 0 0 0 
33129  101  8  0 FF 1 0 0 0 0 0 
33140  102  8  1 93 1 0 0 0 CC 0 
33220  100  8  0 0 0 0 9C 1 FF 0 
33221  638  8  4D 4B 48 A 0 0 0 1 
33222  639  8  11 A0 F 0 0 0 0 0 
33229  101  8  0 FF 1 0 0 0 0 0 
33240  102  8  1 93 1 0 0 0 CC 0 
33320  100  8  0 0 0 0 9C 1 FF 0 
33321  638  8  4D 4B 48 A 0 0 0 0 
33322  639  8  11 A0 F 0 0 0 0 0 
33330  101  8  0 FF 1 0 0 0 0 0 
33340  102  8  1 93 1 0 0 0 CC 0 
33420  100  8  0 0 0 0 9C 1 FF 0 
33421  638  8  4D 4B 48 A 0 0 0 1 
33422  639  8  11 A0 F 0 0 0 0 0 
33430  101  8  0 FF 1 0 0 0 0 0 
33440  102  8  1 93 1 0 0 0 CC 0 
33520  100  8  0 0 0 0 9C 1 FF 0 
33521  638  8  4D 4B 48 A 0 0 0 0 
33522  639  8  11 A0 F 0 0 0 0 0 
33529  101  8  0 FF 1 0 0 0 0 0 
33540  102  8  1 93 1 0 0 0 CC 0 
33620  100  8  0 0 0 0 9C 1 FF 0 
33621  638  8  4D 4B 48 A 0 0 0 1 
33622  639  8  11 A0 F 0 0 0 0 0 
33629  101  8  0 FF 1 0 0 0 0 0 
33640  102  8  1 93 1 0 0 0 CC 0 
33720  100  8  0 0 0 0 9C 1 FF 0 
33721  638  8  4D 4B 48 A 0 0 0 0 
33722  639  8  11 A0 F 0 0 0 0 0 
33730  101  8  0 FF 1 0 0 0 0 0 
33740  102  8  1 93 1 0 0 0 CC 0 
33820  100  8  0 0 0 0 9C 1 FF 0 
33821  638  8  4D 4B 48 A 0 0 0 1 
33822  639  8  11 A0 F 0 0 0 0 0 
33830  101  8  0 FF 1 0 0 0 0 0 
33840  102  8  1 93 1 0 0 0 CC 0 
33920  100  8  0 0 0 0 9C 1 FF 0 
33921  638  8  4D 4B 48 A 0 0 0 0 
33922  639  8  11 A0 F 0 0 0 0 0 
33929  101  8  0 FF 1 0 0 0 0 0 
33940  102  8  1 93 1 0 0 0 CC 0 
34020  100  8  0 0 0 0 9C 1 FF 0 
34021  638  8  4D 4B 48 A 0 0 0 1 
34022  639  8  11 A0 F 0 0 0 0 0 
34029  101  8  0 FF 1 0 0 0 0 0 
34040  102  8  1 93 1 0 0 0 CC 0 
34120  100  8  0 0 0 0 9C 1 FF 0 
34121  638  8  4D 4B 48 A 0 0 0 0 
34122  639  8  11 A0 F 0 0 0 0 0 
34130  101  8  0 FF 1 0 0 0 0 0 
34140  102  8  1 93 1 0 0 0 CC 0 
34220  100  8  0 0 0 0 9C 1 FF 0 
34221  638  8  4D 4B 48 A 0 0 0 1 
34222  639  8  11 A0 F 0 0 0 0 0 
34230  101  8  0 FF 1 0 0 0 0 0 
34240  102  8  1 93 1 0 0 0 CC 0 
34320  638  8  4D 4B 48 A 0 0 0 0 
34321  100  8  0 0 0 0 9C 1 FF 0 
34322  639  8  11 A0 F 0 0 0 0 0 
34329  101  8  0 FF 1 0 0 0 0 0 
34340  102  8  1 93 1 0 0 0 CC 0 
34420  100  8  0 0 0 0 9C 1 FF 0 
34421  638  8  4D 4B 48 A 0 0 0 1 
34422  639  8  11 A0 F 0 0 0 0 0 
34429  101  8  0 FF 1 0 0 0 0 0 
34440  102  8  1 93 1 0 0 0 CC 0 
34520  100  8  0 0 0 0 9C 1 FF 0 
34521  638  8  4D 4B 48 A 0 0 0 0 
34522  639  8  11 A0 F 0 0 0 0 0 
34530  101  8  0 FF 1 0 0 0 0 0 
34540  102  8  1 93 1 0 0 0 CC 0 
34620  100  8  0 0 0 0 9C 1 FF 0 
34621  638  8  4D 4B 48 A 0 0 0 1 
34622  639  8  11 A0 F 0 0 0 0 0 
34630  101  8  0 FF 1 0 0 0 0 0 
34640  102  8  1 93 1 0 0 0 CC 0 
34720  100  8  0 0 0 0 9C 1 FF 0 
34721  638  8  4D 4B 48 A 0 0 0 0 
34722  639  8  11 A0 F 0 0 0 0 0 
34729  101  8  0 FF 1 0 0 0 0 0 
34740  102  8  1 93 1 0 0 0 CC 0 
34820  100  8  0 0 0 0 9C 1 FF 0 
34821  638  8  4D 4B 48 A 0 0 0 1 
34822  639  8  11 A0 F 0 0 0 0 0 
34829  101  8  0 FF 1 0 0 0 0 0 
34840  102  8  1 93 1 0 0 0 CC 0 
34920  100  8  0 0 0 0 9C 1 FF 0 
34921  638  8  4D 4B 48 A 0 0 0 0 
34922  639  8  11 A0 F 0 0 0 0 0 
34929  101  8  0 FF 1 0 0 0 0 0 
34940  102  8  1 93 1 0 0 0 CC 0 
35020  100  8  0 0 0 0 9C 1 FF 0 
35021  638  8  4D 4B 48 A 0 0 0 1 
35022  639  8  11 A0 F 0 0 0 0 0 
35030  101  8  0 FF 1 0 0 0 0 0 
35040  102  8  1 93 1 0 0 0 CC 0 
35120  100  8  0 0 0 0 9C 1 FF 0 
35121  638  8  4D 4B 48 A 0 0 0 0 
35122  639  8  11 A0 F 0 0 0 0 0 
35129  101  8  0 FF 1 0 0 0 0 0 
35140  102  8  1 93 1 0 0 0 CC 0 
35220  100  8  0 0 0 0 9C 1 FF 0 
35221  638  8  4D 4B 48 A 0 0 0 1 
35222  639  8  11 A0 F 0 0 0 0 0 
35229  101  8  0 FF 1 0 0 0 0 0 
35240  102  8  1 93 1 0 0 0 CC 0 
35320  100  8  0 0 0 0 9C 1 FF 0 
35321  638  8  4D 4B 48 A 0 0 0 0 
35322  639  8  11 A0 F 0 0 0 0 0 
35329  101  8  0 FF 1 0 0 0 0 0 
35340  102  8  1 93 1 0 0 0 CC 0 
35420  100  8  0 0 0 0 9C 1 FF 0 
35421  638  8  4D 4B 48 A 0 0 0 1 
35422  639  8  11 A0 F 0 0 0 0 0 
35430  101  8  0 FF 1 0 0 0 0 0 
35440  102  8  1 93 1 0 0 0 CC 0 
35520  100  8  0 0 0 0 9C 1 FF 0 
35521  638  8  4D 4B 48 A 0 0 0 0 
35522  639  8  11 A0 F 0 0 0 0 0 
35529  101  8  0 FF 1 0 0 0 0 0 
35540  102  8  1 93 1 0 0 0 CC 0 
35620  100  8  0 0 0 0 9C 1 FF 0 
35621  638  8  4D 4B 48 A 0 0 0 1 
35622  639  8  11 A0 F 0 0 0 0 0 
35629  101  8  0 FF 1 0 0 0 0 0 
35640  102  8  1 93 1 0 0 0 CC 0 
35720  100  8  0 0 0 0 9C 1 FF 0 
35721  638  8  4D 4B 48 A 0 0 0 0 
35722  639  8  11 A0 F 0 0 0 0 0 
35729  101  8  0 FF 1 0 0 0 0 0 
35740  102  8  1 93 1 0 0 0 CC 0 
35820  100  8  0 0 0 0 9C 1 FF 0 
35821  638  8  4D 4B 48 A 0 0 0 1 
35822  639  8  11 A0 F 0 0 0 0 0 
35830  101  8  0 FF 1 0 0 0 0 0 
35840  102  8  1 93 1 0 0 0 CC 0 
35920  100  8  0 0 0 0 9C 1 FF 0 
35921  638  8  4D 4B 48 A 0 0 0 0 
35922  639  8  11 A0 F 0 0 0 0 0 
35929  101  8  0 FF 1 0 0 0 0 0 
35940  102  8  1 93 1 0 0 0 CC 0 
36020  100  8  0 0 0 0 9C 1 FF 0 
36021  638  8  4D 4B 48 A 0 0 0 1 
36022  639  8  11 A0 F 0 0 0 0 0 
36029  101  8  0 FF 1 0 0 0 0 0 
36040  102  8  1 93 1 0 0 0 CC 0 
36120  100  8  0 0 0 0 9C 1 FF 0 
36121  638  8  4D 4B 48 A 0 0 0 0 
36122  639  8  11 A0 F 0 0 0 0 0 
36129  101  8  0 FF 1 0 0 0 0 0 
36140  102  8  1 93 1 0 0 0 CC 0 
36220  100  8  0 0 0 0 9C 1 FF 0 
36221  638  8  4D 4B 48 A 0 0 0 1 
36222  639  8  11 A0 F 0 0 0 0 0 
36229  101  8  0 FF 1 0 0 0 0 0 
36240  102  8  1 93 1 0 0 0 CC 0 
36320  100  8  0 0 0 0 9C 1 FF 0 
36321  638  8  4D 4B 48 A 0 0 0 0 
36322  639  8  11 A0 F 0 0 0 0 0 
36329  101  8  0 FF 1 0 0 0 0 0 
36340  102  8  1 93 1 0 0 0 CC 0 
36420  100  8  0 0 0 0 9C 1 FF 0 
36421  638  8  4D 4B 48 A 0 0 0 1 
36422  639  8  11 A0 F 0 0 0 0 0 
36429  101  8  0 FF 1 0 0 0 0 0 
36440  102  8  1 93 1 0 0 0 CC 0 
36520  100  8  0 0 0 0 9C 1 FF 0 
36521  638  8  4D 4B 48 A 0 0 0 0 
36522  639  8  11 A0 F 0 0 0 0 0 
36529  101  8  0 FF 1 0 0 0 0 0 
36540  102  8  1 93 1 0 0 0 CC 0 
36620  100  8  0 0 0 0 9C 1 FF 0 
36621  638  8  4D 4B 48 A 0 0 0 1 
36622  639  8  11 A0 F 0 0 0 0 0 
36629  101  8  0 FF 1 0 0 0 0 0 
36640  102  8  1 93 1 0 0 0 CC 0 
36720  100  8  0 0 0 0 9C 1 FF 0 
36721  638  8  4D 4B 48 A 0 0 0 0 
36722  639  8  11 A0 F 0 0 0 0 0 
36729  101  8  0 FF 1 0 0 0 0 0 
36740  102  8  1 93 1 0 0 0 CC 0 
36820  100  8  0 0 0 0 9C 1 FF 0 
36821  638  8  4D 4B 48 A 0 0 0 1 
36822  639  8  11 A0 F 0 0 0 0 0 
36829  101  8  0 FF 1 0 0 0 0 0 
36840  102  8  1 93 1 0 0 0 CC 0 
36920  100  8  0 0 0 0 9C 1 FF 0 
36921  638  8  4D 4B 48 A 0 0 0 0 
36922  639  8  11 A0 F 0 0 0 0 0 
36929  101  8  0 FF 1 0 0 0 0 0 
36940  102  8  1 93 1 0 0 0 CC 0 
37020  100  8  0 0 0 0 9C 1 FF 0 
37021  638  8  4D 4B 48 A 0 0 0 1 
37022  639  8  11 A0 F 0 0 0 0 0 
37029  101  8  0 FF 1 0 0 0 0 0 
37040  102  8  1 93 1 0 0 0 CC 0 
37120  100  8  0 0 0 0 9C 1 FF 0 
37121  638  8  4D 4B 48 A 0 0 0 0 
37122  639  8  11 A0 F 0 0 0 0 0 
37129  101  8  0 FF 1 0 0 0 0 0 
37140  102  8  1 93 1 0 0 0 CC 0 
37220  100  8  0 0 0 0 9C 1 FF 0 
37221  638  8  4D 4B 48 A 0 0 0 1 
37222  639  8  11 A0 F 0 0 0 0 0 
37229  101  8  0 FF 1 0 0 0 0 0 
37240  102  8  1 93 1 0 0 0 CC 0 
37320  100  8  0 0 0 0 9C 1 FF 0 
37321  638  8  4D 4B 48 A 0 0 0 0 
37322  639  8  11 A0 F 0 0 0 0 0 
37329  101  8  0 FF 1 0 0 0 0 0 
37340  102  8  1 93 1 0 0 0 CC 0 
37420  100  8  0 0 0 0 9C 1 FF 0 
37421  638  8  4D 4B 48 A 0 0 0 1 
37422  639  8  11 A0 F 0 0 0 0 0 
37429  101  8  0 FF 1 0 0 0 0 0 
37440  102  8  1 93 1 0 0 0 CC 0 
37520  100  8  0 0 0 0 9C 1 FF 0 
37521  638  8  4D 4B 48 A 0 0 0 0 
37522  639  8  11 A0 F 0 0 0 0 0 
37529  101  8  0 FF 1 0 0 0 0 0 
37540  102  8  1 93 1 0 0 0 CC 0 
37620  100  8  0 0 0 0 9C 1 FF 0 
37621  638  8  4D 4B 48 A 0 0 0 1 
37622  639  8  11 A0 F 0 0 0 0 0 
37629  101  8  0 FF 1 0 0 0 0 0 
37640  102  8  1 93 1 0 0 0 CC 0 
37720  100  8  0 0 0 0 9C 1 FF 0 
37721  638  8  4D 4B 48 A 0 0 0 0 
37722  639  8  11 A0 F 0 0 0 0 0 
37729  101  8  0 FF 1 0 0 0 0 0 
37740  102  8  1 93 1 0 0 0 CC 0 
37820  100  8  0 0 0 0 9C 1 FF 0 
37821  638  8  4D 4B 48 A 0 0 0 1 
37822  639  8  11 A0 F 0 0 0 0 0 
37829  101  8  0 FF 1 0 0 0 0 0 
37840  102  8  1 93 1 0 0 0 CC 0 
37920  100  8  0 0 0 0 9C 1 FF 0 
37921  638  8  4D 4B 48 A 0 0 0 0 
37922  639  8  11 A0 F 0 0 0 0 0 
37929  101  8  0 FF 1 0 0 0 0 0 
37940  102  8  1 93 1 0 0 0 CC 0 
38020  100  8  0 0 0 0 9C 1 FF 0 
38021  638  8  4D 4B 48 A 0 0 0 1 
38022  639  8  11 A0 F 0 0 0 0 0 
38029  101  8  0 FF 1 0 0 0 0 0 
38040  102  8  1 93 1 0 0 0 CC 0 
38120  100  8  0 0 0 0 9C 1 FF 0 
38122  638  8  4D 4B 48 A 0 0 0 0 
38122  639  8  11 A0 F 0 0 0 0 0 
38129  101  8  0 FF 1 0 0 0 0 0 
38140  102  8  1 93 1 0 0 0 CC 0 
38220  100  8  0 0 0 0 9C 1 FF 0 
38221  638  8  4D 4B 48 A 0 0 0 1 
38222  639  8  11 A0 F 0 0 0 0 0 
38229  101  8  0 FF 1 0 0 0 0 0 
38240  102  8  1 93 1 0 0 0 CC 0 
38320  100  8  0 0 0 0 9C 1 FF 0 
38321  638  8  4D 4B 48 A 0 0 0 0 
38322  639  8  11 A0 F 0 0 0 0 0 
38329  101  8  0 FF 1 0 0 0 0 0 
38340  102  8  1 93 1 0 0 0 CC 0 
38420  100  8  0 0 0 0 9C 1 FF 0 
38421  638  8  4D 4B 48 A 0 0 0 1 
38422  639  8  11 A0 F 0 0 0 0 0 
38429  101  8  0 FF 1 0 0 0 0 0 
38440  102  8  1 93 1 0 0 0 CC 0 
38520  100  8  0 0 0 0 9C 1 FF 0 
38521  638  8  4D 4B 48 A 0 0 0 0 
38522  639  8  11 A0 F 0 0 0 0 0 
38529  101  8  0 FF 1 0 0 0 0 0 
38540  102  8  1 93 1 0 0 0 CC 0 
38620  100  8  0 0 0 0 9C 1 FF 0 
38621  638  8  4D 4B 48 A 0 0 0 1 
38622  639  8  11 A0 F 0 0 0 0 0 
38629  101  8  0 FF 1 0 0 0 0 0 
38640  102  8  1 93 1 0 0 0 CC 0 
38720  100  8  0 0 0 0 9C 1 FF 0 
38721  638  8  4D 4B 48 A 0 0 0 0 
38722  639  8  11 A0 F 0 0 0 0 0 
38729  101  8  0 FF 1 0 0 0 0 0 
38740  102  8  1 93 1 0 0 0 CC 0 
38820  100  8  0 0 0 0 9C 1 FF 0 
38821  638  8  4D 4B 48 A 0 0 0 1 
38822  639  8  11 A0 F 0 0 0 0 0 
38829  101  8  0 FF 1 0 0 0 0 0 
38840  102  8  1 93 1 0 0 2 CC 0 
38920  100  8  0 0 0 0 9C 1 FF 0 
38921  638  8  4D 4B 48 A 0 0 0 0 
38922  639  8  11 A0 F 0 0 0 0 0 
38929  101  8  0 FF 1 0 0 0 0 0 
38940  102  8  1 93 1 0 0 2 CC 0 
39020  100  8  0 0 0 0 9C 1 FF 0 
39021  638  8  4D 4B 48 A 0 0 0 1 
39022  639  8  11 A0 F 0 0 0 0 0 
39029  101  8  0 FF 1 0 0 0 0 0 
39040  102  8  1 93 1 0 0 2 CC 0 
39120  100  8  0 0 0 0 9C 1 FF 0 
39121  638  8  4D 4B 48 A 0 0 0 0 
39122  639  8  11 A0 F 0 0 0 0 0 
39129  101  8  0 FF 1 0 0 0 0 0 
39140  102  8  1 93 1 0 0 2 CC 0 
39220  100  8  0 0 0 0 9C 1 FF 0 
39221  638  8  4D 4B 48 A 0 0 0 1 
39222  639  8  11 A0 F 0 0 0 0 0 
39229  101  8  0 FF 1 0 0 0 0 0 
39240  102  8  1 93 1 0 0 2 CC 0 
39320  100  8  0 0 0 0 9C 1 FF 0 
39321  638  8  4D 4B 48 A 0 0 0 0 
39322  639  8  11 A0 F 0 0 0 0 0 
39329  101  8  0 FF 1 0 0 0 0 0 
39340  102  8  1 93 1 0 0 2 CC 0 
39420  100  8  0 0 0 0 9C 1 FF 0 
39421  638  8  4D 4B 48 A 0 0 0 1 
39422  639  8  11 A0 F 0 0 0 0 0 
39429  101  8  0 FF 1 0 0 0 0 0 
39440  102  8  1 93 1 0 0 2 CC 0 
39520  100  8  0 0 0 0 9C 1 FF 0 
39521  638  8  4D 4B 48 A 0 0 0 0 
39522  639  8  11 A0 F 0 0 0 0 0 
39529  101  8  0 FF 1 0 0 0 0 0 
39540  102  8  1 93 1 0 0 2 CC 0 
39620  100  8  0 0 0 0 9C 1 FF 0 
39621  638  8  4D 4B 48 A 0 0 0 1 
39622  639  8  11 A0 F 0 0 0 0 0 
39629  101  8  0 FF 1 0 0 0 0 0 
39640  102  8  1 93 1 0 0 2 CC 0 
39720  100  8  0 0 0 0 9C 1 FF 0 
39721  638  8  4D 4B 48 A 0 0 0 0 
39722  639  8  11 A0 F 0 0 0 0 0 
39729  101  8  0 FF 1 0 0 0 0 0 
39740  102  8  1 93 1 0 0 2 CC 0 
39820  100  8  0 0 0 0 9C 1 FF 0 
39821  638  8  4D 4B 48 A 0 0 0 1 
39822  639  8  11 A0 F 0 0 0 0 0 
39829  101  8  0 FF 1 0 0 0 0 0 
39840  102  8  1 93 1 0 0 2 CC 0 
39920  100  8  0 0 0 0 9C 1 FF 0 
39921  638  8  4D 4B 48 A 0 0 0 0 
39922  639  8  11 A0 F 0 0 0 0 0 
39929  101  8  0 FF 1 0 0 0 0 0 
39940  102  8  1 93 1 0 0 2 CC 0 
40020  100  8  0 0 0 0 9C 1 FF 0 
40021  638  8  4D 4B 48 A 0 0 0 1 
40022  639  8  11 A0 F 0 0 0 0 0 
40029  101  8  0 FF 1 0 0 0 0 0 
40040  102  8  1 93 1 0 0 2 CC 0 
40120  100  8  0 0 0 0 9C 1 FF 0 
40121  638  8  4D 4B 48 A 0 0 0 0 
40122  639  8  11 A0 F 0 0 0 0 0 
40129  101  8  0 FF 1 0 0 0 0 0 
40140  102  8  1 93 1 0 0 2 CC 0 
40220  100  8  0 0 0 0 9C 1 FF 0 
40221  638  8  4D 4B 48 A 0 0 0 1 
40222  639  8  11 A0 F 0 0 0 0 0 
40229  101  8  0 FF 1 0 0 0 0 0 
40240  102  8  1 93 1 0 0 2 CC 0 
40320  100  8  0 0 0 0 9C 1 FF 0 
40321  638  8  4D 4B 48 A 0 0 0 0 
40322  639  8  11 A0 F 0 0 0 0 0 
40329  101  8  0 FF 1 0 0 0 0 0 
40340  102  8  1 93 1 0 0 2 CC 0 
40420  100  8  0 0 0 0 9C 1 FF 0 
40421  638  8  4D 4B 48 A 0 0 0 1 
40422  639  8  11 A0 F 0 0 0 0 0 
40429  101  8  0 FF 1 0 0 0 0 0 
40440  102  8  1 93 1 0 0 2 CC 0 
40520  100  8  0 0 0 0 9C 1 FF 0 
40521  638  8  4D 4B 48 A 0 0 0 0 
40522  639  8  11 A0 F 0 0 0 0 0 
40529  101  8  0 FF 1 0 0 0 0 0 
40540  102  8  1 93 1 0 0 2 CC 0 
40620  100  8  0 0 0 0 9C 1 FF 0 
40621  638  8  4D 4B 48 A 0 0 0 1 
40622  639  8  11 A0 F 0 0 0 0 0 
40629  101  8  0 FF 1 0 0 0 0 0 
40640  102  8  1 93 1 0 0 2 CC 0 
40720  100  8  0 0 0 0 9C 1 FF 0 
40721  638  8  4D 4B 48 A 0 0 0 0 
40722  639  8  11 A0 F 0 0 0 0 0 
40729  101  8  0 FF 1 0 0 0 0 0 
40740  102  8  1 93 1 0 0 2 CC 0 
40820  100  8  0 0 0 0 9C 1 FF 0 
40821  638  8  4D 4B 48 A 0 0 0 1 
40822  639  8  11 A0 F 0 0 0 0 0 
40829  101  8  0 FF 1 0 0 0 0 0 
40840  102  8  1 93 1 0 0 2 CC 0 
40920  100  8  0 0 0 0 9C 1 FF 0 
40921  638  8  4D 4B 48 A 0 0 0 0 
40922  639  8  11 A0 F 0 0 0 0 0 
40929  101  8  0 FF 1 0 0 0 0 0 
40940  102  8  1 93 1 0 0 2 CC 0 
41020  100  8  0 0 0 0 9C 1 FF 0 
41021  638  8  4D 4B 48 A 0 0 0 1 
41022  639  8  11 A0 F 0 0 0 0 0 
41029  101  8  0 FF 1 0 0 0 0 0 
41040  102  8  1 93 1 0 0 2 CC 0 
41120  100  8  0 0 0 0 9C 1 FF 0 
41121  638  8  4D 4B 48 A 0 0 0 0 
41122  639  8  11 A0 F 0 0 0 0 0 
41129  101  8  0 FF 1 0 0 0 0 0 
41140  102  8  1 93 1 0 0 2 CC 0 
41220  100  8  0 0 0 0 9C 1 FF 0 
41221  638  8  4D 4B 48 A 0 0 0 1 
41222  639  8  11 A0 F 0 0 0 0 0 
41229  101  8  0 FF 1 0 0 0 0 0 
41240  102  8  1 93 1 0 0 2 CC 0 
41320  100  8  0 0 0 0 9C 1 FF 0 
41321  638  8  4D 4B 48 A 0 0 0 0 
41322  639  8  11 A0 F 0 0 0 0 0 
41329  101  8  0 FF 1 0 0 0 0 0 
41340  102  8  1 93 1 0 0 2 CC 0 
41420  100  8  0 0 0 0 9C 1 FF 0 
41421  638  8  4D 4B 48 A 0 0 0 1 
41422  639  8  11 A0 F 0 0 0 0 0 
41429  101  8  0 FF 1 0 0 0 0 0 
41440  102  8  1 93 1 0 0 2 CC 0 
41520  100  8  0 0 0 0 9C 1 FF 0 
41521  638  8  4D 4B 48 A 0 0 0 0 
41522  639  8  11 A0 F 0 0 0 0 0 
41529  101  8  0 FF 1 0 0 0 0 0 
41540  102  8  1 93 1 0 0 2 CC 0 
41620  100  8  0 0 0 0 9C 1 FF 0 
41621  638  8  4D 4B 48 A 0 0 0 1 
41622  639  8  11 A0 F 0 0 0 0 0 
41629  101  8  0 FF 1 0 0 0 0 0 
41640  102  8  1 93 1 0 0 2 CC 0 
41720  100  8  0 0 0 0 9C 1 FF 0 
41721  638  8  4D 4B 48 A 0 0 0 0 
41722  639  8  11 A0 F 0 0 0 0 0 
41729  101  8  0 FF 1 0 0 0 0 0 
41740  102  8  1 93 1 0 0 2 CC 0 
41820  100  8  0 0 0 0 9C 1 FF 0 
41821  638  8  4D 4B 48 A 0 0 0 1 
41822  639  8  11 A0 F 0 0 0 0 0 
41829  101  8  0 FF 1 0 0 0 0 0 
41840  102  8  1 93 1 0 0 2 CC 0 
41920  100  8  0 0 0 0 9C 1 FF 0 
41921  638  8  4D 4B 48 A 0 0 0 0 
41922  639  8  11 A0 F 0 0 0 0 0 
41929  101  8  0 FF 1 0 0 0 0 0 
41940  102  8  1 93 1 0 0 2 CC 0 
42020  100  8  0 0 0 0 9C 1 FF 0 
42021  638  8  4D 4B 48 A 0 0 0 1 
42022  639  8  11 A0 F 0 0 0 0 0 
42029  101  8  0 FF 1 0 0 0 0 0 
42040  102  8  1 93 1 0 0 2 CC 0 
42120  100  8  0 0 0 0 9C 1 FF 0 
42121  638  8  4D 4B 48 A 0 0 0 0 
42122  639  8  11 A0 F 0 0 0 0 0 
42129  101  8  0 FF 1 0 0 0 0 0 
42140  102  8  1 93 1 0 0 2 CC 0 
42220  100  8  0 0 0 0 9C 1 FF 0 
42221  638  8  4D 4B 48 A 0 0 0 1 
42222  639  8  11 A0 F 0 0 0 0 0 
42229  101  8  0 FF 1 0 0 0 0 0 
42240  102  8  1 93 1 0 0 2 CC 0 
42320  100  8  0 0 0 0 9C 1 FF 0 
42321  638  8  4D 4B 48 A 0 0 0 0 
42322  639  8  11 A0 F 0 0 0 0 0 
42329  101  8  0 FF 1 0 0 0 0 0 
42340  102  8  1 93 1 0 0 2 CC 0 
42420  100  8  0 0 0 0 9C 1 FF 0 
42421  638  8  4D 4B 48 A 0 0 0 1 
42422  639  8  11 A0 F 0 0 0 0 0 
42429  101  8  0 FF 1 0 0 0 0 0 
42440  102  8  1 93 1 0 0 2 CC 0 
42520  100  8  0 0 0 0 9C 1 FF 0 
42521  638  8  4D 4B 48 A 0 0 0 0 
42522  639  8  11 A0 F 0 0 0 0 0 
42529  101  8  0 FF 1 0 0 0 0 0 
42540  102  8  1 93 1 0 0 2 CC 0 
42620  100  8  0 0 0 0 9C 1 FF 0 
42621  638  8  4D 4B 48 A 0 0 0 1 
42622  639  8  11 A0 F 0 0 0 0 0 
42629  101  8  0 FF 1 0 0 0 0 0 
42640  102  8  1 93 1 0 0 2 CC 0 
42720  100  8  0 0 0 0 9C 1 FF 0 
42721  638  8  4D 4B 48 A 0 0 0 0 
42722  639  8  11 A0 F 0 0 0 0 0 
42729  101  8  0 FF 1 0 0 0 0 0 
42740  102  8  1 93 1 0 0 2 CC 0 
42820  100  8  0 0 0 0 9C 1 FF 0 
42821  638  8  4D 4B 48 A 0 0 0 1 
42822  639  8  11 A0 F 0 0 0 0 0 
42829  101  8  0 FF 1 0 0 0 0 0 
42840  102  8  1 93 1 0 0 2 CC 0 
42920  100  8  0 0 0 0 9C 1 FF 0 
42921  638  8  4D 4B 48 A 0 0 0 0 
42922  639  8  11 A0 F 0 0 0 0 0 
42929  101  8  0 FF 1 0 0 0 0 0 
42940  102  8  1 93 1 0 0 2 CC 0 
43020  100  8  0 0 0 0 9C 1 FF 0 
43021  638  8  4D 4B 48 A 0 0 0 1 
43022  639  8  11 A0 F 0 0 0 0 0 
43029  101  8  0 FF 1 0 0 0 0 0 
43040  102  8  1 93 1 0 0 2 CC 0 
43120  100  8  0 0 0 0 9C 1 FF 0 
43121  638  8  4D 4B 48 A 0 0 0 0 
43122  639  8  11 A0 F 0 0 0 0 0 
43129  101  8  0 FF 1 0 0 0 0 0 
43140  102  8  1 93 1 0 0 2 CC 0 
43220  100  8  0 0 0 0 9C 1 FF 0 
43221  638  8  4D 4B 48 A 0 0 0 1 
43222  639  8  11 A0 F 0 0 0 0 0 
43229  101  8  0 FF 1 0 0 0 0 0 
43240  102  8  1 93 1 0 0 2 CC 0 
43320  100  8  0 0 0 0 9C 1 FF 0 
43321  638  8  4D 4B 48 A 0 0 0 0 
43322  639  8  11 A0 F 0 0 0 0 0 
43329  101  8  0 FF 1 0 0 0 0 0 
43340  102  8  1 93 1 0 0 2 CC 0 
43420  100  8  0 0 0 0 9C 1 FF 0 
43421  638  8  4D 4B 48 A 0 0 0 1 
43422  639  8  11 A0 F 0 0 0 0 0 
43429  101  8  0 FF 1 0 0 0 0 0 
43440  102  8  1 93 1 0 0 2 CC 0 
43520  100  8  0 0 0 0 9C 1 FF 0 
43521  638  8  4D 4B 48 A 0 0 0 0 
43522  639  8  11 A0 F 0 0 0 0 0 
43529  101  8  0 FF 1 0 0 0 0 0 
43540  102  8  1 93 1 0 0 2 CC 0 
43620  100  8  0 0 0 0 9C 1 FF 0 
43621  638  8  4D 4B 48 A 0 0 0 1 
43622  639  8  11 A0 F 0 0 0 0 0 
43629  101  8  0 FF 1 0 0 0 0 0 
43640  102  8  1 93 1 0 0 2 CC 0 
43720  100  8  0 0 0 0 9C 1 FF 0 
43721  638  8  4D 4B 48 A 0 0 0 0 
43722  639  8  11 A0 F 0 0 0 0 0 
43729  101  8  0 FF 1 0 0 0 0 0 
43740  102  8  1 93 1 0 0 2 CC 0 
43820  100  8  0 0 0 0 9C 1 FF 0 
43821  638  8  4D 4B 48 A 0 0 0 1 
43822  639  8  11 A0 F 0 0 0 0 0 
43829  101  8  0 FF 1 0 0 0 0 0 
43840  102  8  1 93 1 0 0 2 CC 0 
43920  100  8  0 0 0 0 9C 1 FF 0 
43921  638  8  4D 4B 48 A 0 0 0 0 
43922  639  8  11 A0 F 0 0 0 0 0 
43929  101  8  0 FF 1 0 0 0 0 0 
43940  102  8  1 93 1 0 0 2 CC 0 
44020  100  8  0 0 0 0 9C 1 FF 0 
44021  638  8  4D 4B 48 A 0 0 0 1 
44022  639  8  11 A0 F 0 0 0 0 0 
44029  101  8  0 FF 1 0 0 0 0 0 
44040  102  8  1 93 1 0 0 2 CC 0 
44120  100  8  0 0 0 0 9C 1 FF 0 
44121  638  8  4D 4B 48 A 0 0 0 0 
44122  639  8  11 A0 F 0 0 0 0 0 
44129  101  8  0 FF 1 0 0 0 0 0 
44140  102  8  1 93 1 0 0 2 CC 0 
44220  100  8  0 0 0 0 9C 1 FF 0 
44221  638  8  4D 4B 48 A 0 0 0 1 
44222  639  8  11 A0 F 0 0 0 0 0 
44229  101  8  0 FF 1 0 0 0 0 0 
44240  102  8  1 93 1 0 0 2 CC 0 
44320  100  8  0 0 0 0 9C 1 FF 0 
44321  638  8  4D 4B 48 A 0 0 0 0 
44322  639  8  11 A0 F 0 0 0 0 0 
44329  101  8  0 FF 1 0 0 0 0 0 
44340  102  8  1 93 1 0 0 2 CC 0 
44420  100  8  0 0 0 0 9C 1 FF 0 
44421  638  8  4D 4B 48 A 0 0 0 1 
44422  639  8  11 A0 F 0 0 0 0 0 
44429  101  8  0 FF 1 0 0 0 0 0 
44440  102  8  1 93 1 0 0 2 CC 0 
44520  100  8  0 0 0 0 9C 1 FF 0 
44521  638  8  4D 4B 48 A 0 0 0 0 
44522  639  8  11 A0 F 0 0 0 0 0 
44529  101  8  0 FF 1 0 0 0 0 0 
44540  102  8  1 93 1 0 0 2 CC 0 
44620  100  8  0 0 0 0 9C 1 FF 0 
44621  638  8  4D 4B 48 A 0 0 0 1 
44622  639  8  11 A0 F 0 0 0 0 0 
44629  101  8  0 FF 1 0 0 0 0 0 
44640  102  8  1 93 1 0 0 2 CC 0 
44720  100  8  0 0 0 0 9C 1 FF 0 
44721  638  8  4D 4B 48 A 0 0 0 0 
44722  639  8  11 A0 F 0 0 0 0 0 
44729  101  8  0 FF 1 0 0 0 0 0 
44740  102  8  1 93 1 0 0 2 CC 0 
44820  100  8  0 0 0 0 9C 1 FF 0 
44821  638  8  4D 4B 48 A 0 0 0 1 
44822  639  8  11 A0 F 0 0 0 0 0 
44829  101  8  0 FF 1 0 0 0 0 0 
44840  102  8  1 93 1 0 0 2 CC 0 
44920  100  8  0 0 0 0 9C 1 FF 0 
44921  638  8  4D 4B 48 A 0 0 0 0 
44922  639  8  11 A0 F 0 0 0 0 0 
44929  101  8  0 FF 1 0 0 0 0 0 
44940  102  8  1 93 1 0 0 2 CC 0 
E (45311) wifi:sta is connecting, return error
45020  100  8  0 0 0 0 9C 1 FF 0 
45021  638  8  4D 4B 48 A 0 0 0 1 
45022  639  8  11 A0 F 0 0 0 0 0 
45029  101  8  0 FF 1 0 0 0 0 0 
45040  102  8  1 93 1 0 0 2 CC 0 
45120  100  8  0 0 0 0 9C 1 FF 0 
45121  638  8  4D 4B 48 A 0 0 0 0 
45122  639  8  11 A0 F 0 0 0 0 0 
45129  101  8  0 FF 1 0 0 0 0 0 
45140  102  8  1 93 1 0 0 2 CC 0 
45220  100  8  0 0 0 0 9C 1 FF 0 
45221  638  8  4D 4B 48 A 0 0 0 1 
45222  639  8  11 A0 F 0 0 0 0 0 
45229  101  8  0 FF 1 0 0 0 0 0 
45240  102  8  1 93 1 0 0 2 CC 0 
45320  100  8  0 0 0 0 9C 1 FF 0 
45321  638  8  4D 4B 48 A 0 0 0 0 
45322  639  8  11 A0 F 0 0 0 0 0 
45329  101  8  0 FF 1 0 0 0 0 0 
45339  102  8  1 93 1 0 0 2 CC 0 
45420  100  8  0 0 0 0 9C 1 FF 0 
45421  638  8  4D 4B 48 A 0 0 0 1 
45422  639  8  11 A0 F 0 0 0 0 0 
45429  101  8  0 FF 1 0 0 0 0 0 
45439  102  8  1 93 1 0 0 2 CC 0 
45520  100  8  0 0 0 0 9C 1 FF 0 
45521  638  8  4D 4B 48 A 0 0 0 0 
45522  639  8  11 A0 F 0 0 0 0 0 
45529  101  8  0 FF 1 0 0 0 0 0 
45540  102  8  1 93 1 0 0 2 CC 0 
45620  100  8  0 0 0 0 9C 1 FF 0 
45621  638  8  4D 4B 48 A 0 0 0 1 
45622  639  8  11 A0 F 0 0 0 0 0 
45629  101  8  0 FF 1 0 0 0 0 0 
45640  102  8  1 93 1 0 0 2 CC 0 
45720  100  8  0 0 0 0 9C 1 FF 0 
45721  638  8  4D 4B 48 A 0 0 0 0 
45722  639  8  11 A0 F 0 0 0 0 0 
45729  101  8  0 FF 1 0 0 0 0 0 
45739  102  8  1 93 1 0 0 2 CC 0 
45820  100  8  0 0 0 0 9C 1 FF 0 
45821  638  8  4D 4B 48 A 0 0 0 1 
45822  639  8  11 A0 F 0 0 0 0 0 
45829  101  8  0 FF 1 0 0 0 0 0 
45839  102  8  1 93 1 0 0 2 CC 0 
45920  100  8  0 0 0 0 9C 1 FF 0 
45921  638  8  4D 4B 48 A 0 0 0 0 
45922  639  8  11 A0 F 0 0 0 0 0 
45929  101  8  0 FF 1 0 0 0 0 0 
45940  102  8  1 93 1 0 0 2 CC 0 
46020  100  8  0 0 0 0 9C 1 FF 0 
46021  638  8  4D 4B 48 A 0 0 0 1 
46022  639  8  11 A0 F 0 0 0 0 0 
46029  101  8  0 FF 1 0 0 0 0 0 
46040  102  8  1 93 1 0 0 2 CC 0 
46120  100  8  0 0 0 0 9C 1 FF 0 
46121  638  8  4D 4B 48 A 0 0 0 0 
46122  639  8  11 A0 F 0 0 0 0 0 
46129  101  8  0 FF 1 0 0 0 0 0 
46139  102  8  1 93 1 0 0 2 CC 0 
46220  100  8  0 0 0 0 9C 1 FF 0 
46221  638  8  4D 4B 48 A 0 0 0 1 
46222  639  8  11 A0 F 0 0 0 0 0 
46229  101  8  0 FF 1 0 0 0 0 0 
46239  102  8  1 93 1 0 0 2 CC 0 
46320  100  8  0 0 0 0 9C 1 FF 0 
46321  638  8  4D 4B 48 A 0 0 0 0 
46322  639  8  11 A0 F 0 0 0 0 0 
46329  101  8  0 FF 1 0 0 0 0 0 
46340  102  8  1 93 1 0 0 2 CC 0 
46420  100  8  0 0 0 0 9C 1 FF 0 
46421  638  8  4D 4B 48 A 0 0 0 1 
46422  639  8  11 A0 F 0 0 0 0 0 
46429  101  8  0 FF 1 0 0 0 0 0 
46440  102  8  1 93 1 0 0 2 CC 0 
46520  100  8  0 0 0 0 9C 1 FF 0 
46521  638  8  4D 4B 48 A 0 0 0 0 
46522  639  8  11 A0 F 0 0 0 0 0 
46529  101  8  0 FF 1 0 0 0 0 0 
46539  102  8  1 93 1 0 0 2 CC 0 
46620  100  8  0 0 0 0 9C 1 FF 0 
46621  638  8  4D 4B 48 A 0 0 0 1 
46622  639  8  11 A0 F 0 0 0 0 0 
46629  101  8  0 FF 1 0 0 0 0 0 
46639  102  8  1 93 1 0 0 2 CC 0 
46720  100  8  0 0 0 0 9C 1 FF 0 
46721  638  8  4D 4B 48 A 0 0 0 0 
46722  639  8  11 A0 F 0 0 0 0 0 
46729  101  8  0 FF 1 0 0 0 0 0 
46740  102  8  1 93 1 0 0 2 CC 0 
46820  100  8  0 0 0 0 9C 1 FF 0 
46821  638  8  4D 4B 48 A 0 0 0 1 
46822  639  8  11 A0 F 0 0 0 0 0 
46829  101  8  0 FF 1 0 0 0 0 0 
46840  102  8  1 93 1 0 0 2 CC 0 
46920  100  8  0 0 0 0 9C 1 FF 0 
46921  638  8  4D 4B 48 A 0 0 0 0 
46922  639  8  11 A0 F 0 0 0 0 0 
46929  101  8  0 FF 1 0 0 0 0 0 
46939  102  8  1 93 1 0 0 2 CC 0 
47020  100  8  0 0 0 0 9C 1 FF 0 
47021  638  8  4D 4B 48 A 0 0 0 1 
47022  639  8  11 A0 F 0 0 0 0 0 
47029  101  8  0 FF 1 0 0 0 0 0 
47039  102  8  1 93 1 0 0 2 CC 0 
47120  100  8  0 0 0 0 9C 1 FF 0 
47121  638  8  4D 4B 48 A 0 0 0 0 
47122  639  8  11 A0 F 0 0 0 0 0 
47129  101  8  0 FF 1 0 0 0 0 0 
47140  102  8  1 93 1 0 0 2 CC 0 
47220  100  8  0 0 0 0 9C 1 FF 0 
47221  638  8  4D 4B 48 A 0 0 0 1 
47222  639  8  11 A0 F 0 0 0 0 0 
47229  101  8  0 FF 1 0 0 0 0 0 
47240  102  8  1 93 1 0 0 2 CC 0 
47320  100  8  0 0 0 0 9C 1 FF 0 
47321  638  8  4D 4B 48 A 0 0 0 0 
47322  639  8  11 A0 F 0 0 0 0 0 
47329  101  8  0 FF 1 0 0 0 0 0 
47339  102  8  1 93 1 0 0 2 CC 0 
47420  100  8  0 0 0 0 9C 1 FF 0 
47421  638  8  4D 4B 48 A 0 0 0 1 
47422  639  8  11 A0 F 0 0 0 0 0 
47429  101  8  0 FF 1 0 0 0 0 0 
47439  102  8  1 93 1 0 0 2 CC 0 
47520  100  8  0 0 0 0 9C 1 FF 0 
47521  638  8  4D 4B 48 A 0 0 0 0 
47522  639  8  11 A0 F 0 0 0 0 0 
47529  101  8  0 FF 1 0 0 0 0 0 
47540  102  8  1 93 1 0 0 2 CC 0 
47620  100  8  0 0 0 0 9C 1 FF 0 
47621  638  8  4D 4B 48 A 0 0 0 1 
47622  639  8  11 A0 F 0 0 0 0 0 
47629  101  8  0 FF 1 0 0 0 0 0 
47640  102  8  1 93 1 0 0 2 CC 0 
47720  100  8  0 0 0 0 9C 1 FF 0 
47721  638  8  4D 4B 48 A 0 0 0 0 
47722  639  8  11 A0 F 0 0 0 0 0 
47729  101  8  0 FF 1 0 0 0 0 0 
47739  102  8  1 93 1 0 0 2 CC 0 
47820  100  8  0 0 0 0 9C 1 FF 0 
47821  638  8  4D 4B 48 A 0 0 0 1 
47822  639  8  11 A0 F 0 0 0 0 0 
47829  101  8  0 FF 1 0 0 0 0 0 
47839  102  8  1 93 1 0 0 2 CC 0 
47920  100  8  0 0 0 0 9C 1 FF 0 
47921  638  8  4D 4B 48 A 0 0 0 0 
47922  639  8  11 A0 F 0 0 0 0 0 
47929  101  8  0 FF 1 0 0 0 0 0 
47940  102  8  1 93 1 0 0 2 CC 0 
48020  100  8  0 0 0 0 9C 1 FF 0 
48022  638  8  4D 4B 48 A 0 0 0 1 
48022  639  8  11 A0 F 0 0 0 0 0 
48029  101  8  0 FF 1 0 0 0 0 0 
48040  102  8  1 93 1 0 0 2 CC 0 
48120  100  8  0 0 0 0 9C 1 FF 0 
48121  638  8  4D 4B 48 A 0 0 0 0 
48122  639  8  11 A0 F 0 0 0 0 0 
48129  101  8  0 FF 1 0 0 0 0 0 
48139  102  8  1 93 1 0 0 2 CC 0 
48220  100  8  0 0 0 0 9C 1 FF 0 
48221  638  8  4D 4B 48 A 0 0 0 1 
48222  639  8  11 A0 F 0 0 0 0 0 
48229  101  8  0 FF 1 0 0 0 0 0 
48239  102  8  1 93 1 0 0 2 CC 0 
48320  100  8  0 0 0 0 9C 1 FF 0 
48321  638  8  4D 4B 48 A 0 0 0 0 
48322  639  8  11 A0 F 0 0 0 0 0 
48329  101  8  0 FF 1 0 0 0 0 0 
48340  102  8  1 93 1 0 0 2 CC 0 
48420  100  8  0 0 0 0 9C 1 FF 0 
48421  638  8  4D 4B 48 A 0 0 0 1 
48422  639  8  11 A0 F 0 0 0 0 0 
48429  101  8  0 FF 1 0 0 0 0 0 
48440  102  8  1 93 1 0 0 2 CC 0 
48520  100  8  0 0 0 0 9C 1 FF 0 
48521  638  8  4D 4B 48 A 0 0 0 0 
48522  639  8  11 A0 F 0 0 0 0 0 
48529  101  8  0 FF 1 0 0 0 0 0 
48539  102  8  1 93 1 0 0 2 CC 0 
48619  100  8  0 0 0 0 9C 1 FF 0 
48620  638  8  4D 4B 48 A 0 0 0 1 
48621  639  8  11 A0 F 0 0 0 0 0 
48629  101  8  0 FF 1 0 0 0 0 0 
48639  102  8  1 93 1 0 0 2 CC 0 
48719  100  8  0 0 0 0 9C 1 FF 0 
48720  638  8  4D 4B 48 A 0 0 0 0 
48721  639  8  11 A0 F 0 0 0 0 0 
48729  101  8  0 FF 1 0 0 0 0 0 
48740  102  8  1 93 1 0 0 2 CC 0 
48819  100  8  0 0 0 0 9C 1 FF 0 
48820  638  8  4D 4B 48 A 0 0 0 1 
48821  639  8  11 A0 F 0 0 0 0 0 
48829  101  8  0 FF 1 0 0 0 0 0 
48840  102  8  1 93 1 0 0 2 CC 0 
48919  100  8  0 0 0 0 9C 1 FF 0 
48920  638  8  4D 4B 48 A 0 0 0 0 
48921  639  8  11 A0 F 0 0 0 0 0 
48929  101  8  0 FF 1 0 0 0 0 0 
48939  102  8  1 93 1 0 0 2 CC 0 
49019  100  8  0 0 0 0 9C 1 FF 0 
49020  638  8  4D 4B 48 A 0 0 0 1 
49021  639  8  11 A0 F 0 0 0 0 0 
49029  101  8  0 FF 1 0 0 0 0 0 
49039  102  8  1 93 1 0 0 2 CC 0 
49119  100  8  0 0 0 0 9C 1 FF 0 
49120  638  8  4D 4B 48 A 0 0 0 0 
49121  639  8  11 A0 F 0 0 0 0 0 
49129  101  8  0 FF 1 0 0 0 0 0 
49140  102  8  1 93 1 0 0 2 CC 0 
49219  100  8  0 0 0 0 9C 1 FF 0 
49220  638  8  4D 4B 48 A 0 0 0 1 
49221  639  8  11 A0 F 0 0 0 0 0 
49229  101  8  0 FF 1 0 0 0 0 0 
49240  102  8  1 93 1 0 0 2 CC 0 
49319  100  8  0 0 0 0 9C 1 FF 0 
49320  638  8  4D 4B 48 A 0 0 0 0 
49321  639  8  11 A0 F 0 0 0 0 0 
49329  101  8  0 FF 1 0 0 0 0 0 
49339  102  8  1 93 1 0 0 2 CC 0 
49419  100  8  0 0 0 0 9C 1 FF 0 
49420  638  8  4D 4B 48 A 0 0 0 1 
49421  639  8  11 A0 F 0 0 0 0 0 
49429  101  8  0 FF 1 0 0 0 0 0 
49439  102  8  1 93 1 0 0 2 CC 0 
49519  100  8  0 0 0 0 9C 1 FF 0 
49520  638  8  4D 4B 48 A 0 0 0 0 
49521  639  8  11 A0 F 0 0 0 0 0 
49529  101  8  0 FF 1 0 0 0 0 0 
49540  102  8  1 93 1 0 0 2 CC 0 
49619  100  8  0 0 0 0 9C 1 FF 0 
49620  638  8  4D 4B 48 A 0 0 0 1 
49621  639  8  11 A0 F 0 0 0 0 0 
49629  101  8  0 FF 1 0 0 0 0 0 
49640  102  8  1 93 1 0 0 2 CC 0 
49719  100  8  0 0 0 0 9C 1 FF 0 
49720  638  8  4D 4B 48 A 0 0 0 0 
49721  639  8  11 A0 F 0 0 0 0 0 
49729  101  8  0 FF 1 0 0 0 0 0 
49739  102  8  1 93 1 0 0 2 CC 0 
49819  100  8  0 0 0 0 9C 1 FF 0 
49820  638  8  4D 4B 48 A 0 0 0 1 
49821  639  8  11 A0 F 0 0 0 0 0 
49829  101  8  0 FF 1 0 0 0 0 0 
49839  102  8  1 93 1 0 0 2 CC 0 
49919  100  8  0 0 0 0 9C 1 FF 0 
49920  638  8  4D 4B 48 A 0 0 0 0 
49921  639  8  11 A0 F 0 0 0 0 0 
49929  101  8  0 FF 1 0 0 0 0 0 
49940  102  8  1 93 1 0 0 2 CC 0 
50019  100  8  0 0 0 0 9C 1 FF 0 
50020  638  8  4D 4B 48 A 0 0 0 1 
50021  639  8  11 A0 F 0 0 0 0 0 
50029  101  8  0 FF 1 0 0 0 0 0 
50040  102  8  1 93 1 0 0 2 CC 0 
50119  100  8  0 0 0 0 9C 1 FF 0 
50120  638  8  4D 4B 48 A 0 0 0 0 
50121  639  8  11 A0 F 0 0 0 0 0 
50129  101  8  0 FF 1 0 0 0 0 0 
50139  102  8  1 93 1 0 0 2 CC 0 
50219  100  8  0 0 0 0 9C 1 FF 0 
50220  638  8  4D 4B 48 A 0 0 0 1 
50221  639  8  11 A0 F 0 0 0 0 0 
50229  101  8  0 FF 1 0 0 0 0 0 
50239  102  8  1 93 1 0 0 2 CC 0 
50319  100  8  0 0 0 0 9C 1 FF 0 
50320  638  8  4D 4B 48 A 0 0 0 0 
50321  639  8  11 A0 F 0 0 0 0 0 
50329  101  8  0 FF 1 0 0 0 0 0 
50340  102  8  1 93 1 0 0 2 CC 0 
50419  100  8  0 0 0 0 9C 1 FF 0 
50420  638  8  4D 4B 48 A 0 0 0 1 
50421  639  8  11 A0 F 0 0 0 0 0 
50429  101  8  0 FF 1 0 0 0 0 0 
50440  102  8  1 93 1 0 0 2 CC 0 
50519  100  8  0 0 0 0 9C 1 FF 0 
50520  638  8  4D 4B 48 A 0 0 0 0 
50521  639  8  11 A0 F 0 0 0 0 0 
50529  101  8  0 FF 1 0 0 0 0 0 
50539  102  8  1 93 1 0 0 2 CC 0 
50619  100  8  0 0 0 0 9C 1 FF 0 
50620  638  8  4D 4B 48 A 0 0 0 1 
50621  639  8  11 A0 F 0 0 0 0 0 
50629  101  8  0 FF 1 0 0 0 0 0 
50639  102  8  1 93 1 0 0 2 CC 0 
50719  100  8  0 0 0 0 9C 1 FF 0 
50720  638  8  4D 4B 48 A 0 0 0 0 
50721  639  8  11 A0 F 0 0 0 0 0 
50729  101  8  0 FF 1 0 0 0 0 0 
50740  102  8  1 93 1 0 0 2 CC 0 
50819  100  8  0 0 0 0 9C 1 FF 0 
50820  638  8  4D 4B 48 A 0 0 0 1 
50821  639  8  11 A0 F 0 0 0 0 0 
50829  101  8  0 FF 1 0 0 0 0 0 
50840  102  8  1 93 1 0 0 2 CC 0 
50919  100  8  0 0 0 0 9C 1 FF 0 
50920  638  8  4D 4B 48 A 0 0 0 0 
50921  639  8  11 A0 F 0 0 0 0 0 
50929  101  8  0 FF 1 0 0 0 0 0 
50939  102  8  1 93 1 0 0 2 CC 0 
51019  100  8  0 0 0 0 9C 1 FF 0 
51020  638  8  4D 4B 48 A 0 0 0 1 
51021  639  8  11 A0 F 0 0 0 0 0 
51029  101  8  0 FF 1 0 0 0 0 0 
51039  102  8  1 93 1 0 0 2 CC 0 
51119  100  8  0 0 0 0 9C 1 FF 0 
51120  638  8  4D 4B 48 A 0 0 0 0 
51121  639  8  11 A0 F 0 0 0 0 0 
51129  101  8  0 FF 1 0 0 0 0 0 
51140  102  8  1 93 1 0 0 2 CC 0 
51219  100  8  0 0 0 0 9C 1 FF 0 
51220  638  8  4D 4B 48 A 0 0 0 1 
51221  639  8  11 A0 F 0 0 0 0 0 
51229  101  8  0 FF 1 0 0 0 0 0 
51240  102  8  1 93 1 0 0 2 CC 0 
51319  100  8  0 0 0 0 9C 1 FF 0 
51320  638  8  4D 4B 48 A 0 0 0 0 
51321  639  8  11 A0 F 0 0 0 0 0 
51329  101  8  0 FF 1 0 0 0 0 0 
51339  102  8  1 93 1 0 0 2 CC 0 
51419  100  8  0 0 0 0 9C 1 FF 0 
51420  638  8  4D 4B 48 A 0 0 0 1 
51421  639  8  11 A0 F 0 0 0 0 0 
51429  101  8  0 FF 1 0 0 0 0 0 
51439  102  8  1 93 1 0 0 2 CC 0 
51519  100  8  0 0 0 0 9C 1 FF 0 
51520  638  8  4D 4B 48 A 0 0 0 0 
51521  639  8  11 A0 F 0 0 0 0 0 
51529  101  8  0 FF 1 0 0 0 0 0 
51540  102  8  1 93 1 0 0 2 CC 0 
51619  100  8  0 0 0 0 9C 1 FF 0 
51620  638  8  4D 4B 48 A 0 0 0 1 
51621  639  8  11 A0 F 0 0 0 0 0 
51629  101  8  0 FF 1 0 0 0 0 0 
51640  102  8  1 93 1 0 0 2 CC 0 
51719  100  8  0 0 0 0 9C 1 FF 0 
51720  638  8  4D 4B 48 A 0 0 0 0 
51721  639  8  11 A0 F 0 0 0 0 0 
51729  101  8  0 FF 1 0 0 0 0 0 
51739  102  8  1 93 1 0 0 2 CC 0 
51819  100  8  0 0 0 0 9C 1 FF 0 
51820  638  8  4D 4B 48 A 0 0 0 1 
51821  639  8  11 A0 F 0 0 0 0 0 
51829  101  8  0 FF 1 0 0 0 0 0 
51839  102  8  1 93 1 0 0 2 CC 0 
51919  100  8  0 0 0 0 9C 1 FF 0 
51920  638  8  4D 4B 48 A 0 0 0 0 
51921  639  8  11 A0 F 0 0 0 0 0 
51929  101  8  0 FF 1 0 0 0 0 0 
51940  102  8  1 93 1 0 0 2 CC 0 
52019  100  8  0 0 0 0 9C 1 FF 0 
52020  638  8  4D 4B 48 A 0 0 0 1 
52021  639  8  11 A0 F 0 0 0 0 0 
52029  101  8  0 FF 1 0 0 0 0 0 
52040  102  8  1 93 1 0 0 2 CC 0 
52119  100  8  0 0 0 0 9C 1 FF 0 
52120  638  8  4D 4B 48 A 0 0 0 0 
52121  639  8  11 A0 F 0 0 0 0 0 
52129  101  8  0 FF 1 0 0 0 0 0 
52139  102  8  1 93 1 0 0 2 CC 0 
52219  100  8  0 0 0 0 9C 1 FF 0 
52220  638  8  4D 4B 48 A 0 0 0 1 
52221  639  8  11 A0 F 0 0 0 0 0 
52229  101  8  0 FF 1 0 0 0 0 0 
52239  102  8  1 93 1 0 0 2 CC 0 
52319  100  8  0 0 0 0 9C 1 FF 0 
52320  638  8  4D 4B 48 A 0 0 0 0 
52321  639  8  11 A0 F 0 0 0 0 0 
52329  101  8  0 FF 1 0 0 0 0 0 
52340  102  8  1 93 1 0 0 2 CC 0 
52419  100  8  0 0 0 0 9C 1 FF 0 
52420  638  8  4D 4B 48 A 0 0 0 1 
52421  639  8  11 A0 F 0 0 0 0 0 
52429  101  8  0 FF 1 0 0 0 0 0 
52440  102  8  1 93 1 0 0 2 CC 0 
52519  100  8  0 0 0 0 9C 1 FF 0 
52520  638  8  4D 4B 48 A 0 0 0 0 
52521  639  8  11 A0 F 0 0 0 0 0 
52529  101  8  0 FF 1 0 0 0 0 0 
52539  102  8  1 93 1 0 0 2 CC 0 
52619  100  8  0 0 0 0 9C 1 FF 0 
52620  638  8  4D 4B 48 A 0 0 0 1 
52621  639  8  11 A0 F 0 0 0 0 0 
52629  101  8  0 FF 1 0 0 0 0 0 
52639  102  8  1 93 1 0 0 2 CC 0 
52719  100  8  0 0 0 0 9C 1 FF 0 
52720  638  8  4D 4B 48 A 0 0 0 0 
52721  639  8  11 A0 F 0 0 0 0 0 
52729  101  8  0 FF 1 0 0 0 0 0 
52740  102  8  1 93 1 0 0 2 CC 0 
52819  100  8  0 0 0 0 9C 1 FF 0 
52820  638  8  4D 4B 48 A 0 0 0 1 
52821  639  8  11 A0 F 0 0 0 0 0 
52829  101  8  0 FF 1 0 0 0 0 0 
52840  102  8  1 93 1 0 0 2 CC 0 
52919  100  8  0 0 0 0 9C 1 FF 0 
52920  638  8  4D 4B 48 A 0 0 0 0 
52921  639  8  11 A0 F 0 0 0 0 0 
52929  101  8  0 FF 1 0 0 0 0 0 
52939  102  8  1 93 1 0 0 2 CC 0 
53019  100  8  0 0 0 0 9C 1 FF 0 
53020  638  8  4D 4B 48 A 0 0 0 1 
53021  639  8  11 A0 F 0 0 0 0 0 
53029  101  8  0 FF 1 0 0 0 0 0 
53039  102  8  1 93 1 0 0 2 CC 0 
53119  100  8  0 0 0 0 9C 1 FF 0 
53120  638  8  4D 4B 48 A 0 0 0 0 
53121  639  8  11 A0 F 0 0 0 0 0 
53129  101  8  0 FF 1 0 0 0 0 0 
53140  102  8  1 93 1 0 0 2 CC 0 
53219  100  8  0 0 0 0 9C 1 FF 0 
53220  638  8  4D 4B 48 A 0 0 0 1 
53221  639  8  11 A0 F 0 0 0 0 0 
53229  101  8  0 FF 1 0 0 0 0 0 
53240  102  8  1 93 1 0 0 2 CC 0 
53319  100  8  0 0 0 0 9C 1 FF 0 
53320  638  8  4D 4B 48 A 0 0 0 0 
53321  639  8  11 A0 F 0 0 0 0 0 
53329  101  8  0 FF 1 0 0 0 0 0 
53339  102  8  1 93 1 0 0 2 CC 0 
53419  100  8  0 0 0 0 9C 1 FF 0 
53420  638  8  4D 4B 48 A 0 0 0 1 
53421  639  8  11 A0 F 0 0 0 0 0 
53429  101  8  0 FF 1 0 0 0 0 0 
53439  102  8  1 93 1 0 0 2 CC 0 
53519  100  8  0 0 0 0 9C 1 FF 0 
53520  638  8  4D 4B 48 A 0 0 0 0 
53521  639  8  11 A0 F 0 0 0 0 0 
53529  101  8  0 FF 1 0 0 0 0 0 
53540  102  8  1 93 1 0 0 2 CC 0 
53619  100  8  0 0 0 0 9C 1 FF 0 
53620  638  8  4D 4B 48 A 0 0 0 1 
53621  639  8  11 A0 F 0 0 0 0 0 
53629  101  8  0 FF 1 0 0 0 0 0 
53640  102  8  1 93 1 0 0 2 CC 0 
53719  100  8  0 0 0 0 9C 1 FF 0 
53720  638  8  4D 4B 48 A 0 0 0 0 
53721  639  8  11 A0 F 0 0 0 0 0 
53729  101  8  0 FF 1 0 0 0 0 0 
53739  102  8  1 93 1 0 0 2 CC 0 
53819  100  8  0 0 0 0 9C 1 FF 0 
53820  638  8  4D 4B 48 A 0 0 0 1 
53821  639  8  11 A0 F 0 0 0 0 0 
53829  101  8  0 FF 1 0 0 0 0 0 
53839  102  8  1 93 1 0 0 2 CC 0 
53919  100  8  0 0 0 0 9C 1 FF 0 
53920  638  8  4D 4B 48 A 0 0 0 0 
53921  639  8  11 A0 F 0 0 0 0 0 
53929  101  8  0 FF 1 0 0 0 0 0 
53940  102  8  1 93 1 0 0 2 CC 0 
54019  100  8  0 0 0 0 9C 1 FF 0 
54020  638  8  4D 4B 48 A 0 0 0 1 
54021  639  8  11 A0 F 0 0 0 0 0 
54029  101  8  0 FF 1 0 0 0 0 0 
54040  102  8  1 93 1 0 0 2 CC 0 
54119  100  8  0 0 0 0 9C 1 FF 0 
54120  638  8  4D 4B 48 A 0 0 0 0 
54121  639  8  11 A0 F 0 0 0 0 0 
54129  101  8  0 FF 1 0 0 0 0 0 
54139  102  8  1 93 1 0 0 2 CC 0 
54219  100  8  0 0 0 0 9C 1 FF 0 
54220  638  8  4D 4B 48 A 0 0 0 1 
54221  639  8  11 A0 F 0 0 0 0 0 
54229  101  8  0 FF 1 0 0 0 0 0 
54239  102  8  1 93 1 0 0 2 CC 0 
54319  100  8  0 0 0 0 9C 1 FF 0 
54320  638  8  4D 4B 48 A 0 0 0 0 
54321  639  8  11 A0 F 0 0 0 0 0 
54329  101  8  0 FF 1 0 0 0 0 0 
54340  102  8  1 93 1 0 0 2 CC 0 
54419  100  8  0 0 0 0 9C 1 FF 0 
54420  638  8  4D 4B 48 A 0 0 0 1 
54421  639  8  11 A0 F 0 0 0 0 0 
54429  101  8  0 FF 1 0 0 0 0 0 
54440  102  8  1 93 1 0 0 2 CC 0 
54519  100  8  0 0 0 0 9C 1 FF 0 
54520  638  8  4D 4B 48 A 0 0 0 0 
54521  639  8  11 A0 F 0 0 0 0 0 
54529  101  8  0 FF 1 0 0 0 0 0 
54539  102  8  1 93 1 0 0 2 CC 0 
54619  100  8  0 0 0 0 9C 1 FF 0 
54620  638  8  4D 4B 48 A 0 0 0 1 
54621  639  8  11 A0 F 0 0 0 0 0 
54629  101  8  0 FF 1 0 0 0 0 0 
54639  102  8  1 93 1 0 0 2 CC 0 
54719  100  8  0 0 0 0 9C 1 FF 0 
54720  638  8  4D 4B 48 A 0 0 0 0 
54721  639  8  11 A0 F 0 0 0 0 0 
54729  101  8  0 FF 1 0 0 0 0 0 
54740  102  8  1 93 1 0 0 2 CC 0 
54819  100  8  0 0 0 0 9C 1 FF 0 
54820  638  8  4D 4B 48 A 0 0 0 1 
54821  639  8  11 A0 F 0 0 0 0 0 
54829  101  8  0 FF 1 0 0 0 0 0 
54840  102  8  1 93 1 0 0 2 CC 0 
54919  100  8  0 0 0 0 9C 1 FF 0 
54920  638  8  4D 4B 48 A 0 0 0 0 
54921  639  8  11 A0 F 0 0 0 0 0 
54929  101  8  0 FF 1 0 0 0 0 0 
54939  102  8  1 93 1 0 0 2 CC 0 
55019  100  8  0 0 0 0 9C 1 FF 0 
55020  638  8  4D 4B 48 A 0 0 0 1 
55021  639  8  11 A0 F 0 0 0 0 0 
55029  101  8  0 FF 1 0 0 0 0 0 
55039  102  8  1 93 1 0 0 2 CC 0 
55119  100  8  0 0 0 0 9C 1 FF 0 
55120  638  8  4D 4B 48 A 0 0 0 0 
55121  639  8  11 A0 F 0 0 0 0 0 
55129  101  8  0 FF 1 0 0 0 0 0 
55140  102  8  1 93 1 0 0 2 CC 0 
55219  100  8  0 0 0 0 9C 1 FF 0 
55220  638  8  4D 4B 48 A 0 0 0 1 
55221  639  8  11 A0 F 0 0 0 0 0 
55229  101  8  0 FF 1 0 0 0 0 0 
55240  102  8  1 93 1 0 0 2 CC 0 
55319  100  8  0 0 0 0 9C 1 FF 0 
55320  638  8  4D 4B 48 A 0 0 0 0 
55321  639  8  11 A0 F 0 0 0 0 0 
55329  101  8  0 FF 1 0 0 0 0 0 
55339  102  8  1 93 1 0 0 2 CC 0 
55419  100  8  0 0 0 0 9C 1 FF 0 
55420  638  8  4D 4B 48 A 0 0 0 1 
55421  639  8  11 A0 F 0 0 0 0 0 
55429  101  8  0 FF 1 0 0 0 0 0 
55439  102  8  1 93 1 0 0 2 CC 0 
55519  100  8  0 0 0 0 9C 1 FF 0 
55520  638  8  4D 4B 48 A 0 0 0 0 
55521  639  8  11 A0 F 0 0 0 0 0 
55529  101  8  0 FF 1 0 0 0 0 0 
55540  102  8  1 93 1 0 0 2 CC 0 
55619  100  8  0 0 0 0 9C 1 FF 0 
55620  638  8  4D 4B 48 A 0 0 0 1 
55621  639  8  11 A0 F 0 0 0 0 0 
55629  101  8  0 FF 1 0 0 0 0 0 
55640  102  8  1 93 1 0 0 2 CC 0 
55719  100  8  0 0 0 0 9C 1 FF 0 
55720  638  8  4D 4B 48 A 0 0 0 0 
55721  639  8  11 A0 F 0 0 0 0 0 
55729  101  8  0 FF 1 0 0 0 0 0 
55739  102  8  1 93 1 0 0 2 CC 0 
55819  100  8  0 0 0 0 9C 1 FF 0 
55820  638  8  4D 4B 48 A 0 0 0 1 
55821  639  8  11 A0 F 0 0 0 0 0 
55829  101  8  0 FF 1 0 0 0 0 0 
55839  102  8  1 93 1 0 0 2 CC 0 
55919  100  8  0 0 0 0 9C 1 FF 0 
55920  638  8  4D 4B 48 A 0 0 0 0 
55921  639  8  11 A0 F 0 0 0 0 0 
55929  101  8  0 FF 1 0 0 0 0 0 
55940  102  8  1 93 1 0 0 2 CC 0 
56019  100  8  0 0 0 0 9C 1 FF 0 
56020  638  8  4D 4B 48 A 0 0 0 1 
56021  639  8  11 A0 F 0 0 0 0 0 
56029  101  8  0 FF 1 0 0 0 0 0 
56040  102  8  1 93 1 0 0 2 CC 0 
56119  100  8  0 0 0 0 9C 1 FF 0 
56120  638  8  4D 4B 48 A 0 0 0 0 
56121  639  8  11 A0 F 0 0 0 0 0 
56129  101  8  0 FF 1 0 0 0 0 0 
56139  102  8  1 93 1 0 0 2 CC 0 
56219  100  8  0 0 0 0 9C 1 FF 0 
56220  638  8  4D 4B 48 A 0 0 0 1 
56221  639  8  11 A0 F 0 0 0 0 0 
56229  101  8  0 FF 1 0 0 0 0 0 
56239  102  8  1 93 1 0 0 2 CC 0 
56319  100  8  0 0 0 0 9C 1 FF 0 
56320  638  8  4D 4B 48 A 0 0 0 0 
56321  639  8  11 A0 F 0 0 0 0 0 
56329  101  8  0 FF 1 0 0 0 0 0 
56340  102  8  1 93 1 0 0 2 CC 0 
56419  100  8  0 0 0 0 9C 1 FF 0 
56420  638  8  4D 4B 48 A 0 0 0 1 
56421  639  8  11 A0 F 0 0 0 0 0 
56429  101  8  0 FF 1 0 0 0 0 0 
56440  102  8  1 93 1 0 0 2 CC 0 
56519  100  8  0 0 0 0 9C 1 FF 0 
56520  638  8  4D 4B 48 A 0 0 0 0 
56521  639  8  11 A0 F 0 0 0 0 0 
56529  101  8  0 FF 1 0 0 0 0 0 
56539  102  8  1 93 1 0 0 2 CC 0 
56619  100  8  0 0 0 0 9C 1 FF 0 
56620  638  8  4D 4B 48 A 0 0 0 1 
56621  639  8  11 A0 F 0 0 0 0 0 
56629  101  8  0 FF 1 0 0 0 0 0 
56639  102  8  1 93 1 0 0 2 CC 0 
56719  100  8  0 0 0 0 9C 1 FF 0 
56720  638  8  4D 4B 48 A 0 0 0 0 
56721  639  8  11 A0 F 0 0 0 0 0 
56729  101  8  0 FF 1 0 0 0 0 0 
56740  102  8  1 93 1 0 0 2 CC 0 
56819  100  8  0 0 0 0 9C 1 FF 0 
56820  638  8  4D 4B 48 A 0 0 0 1 
56821  639  8  11 A0 F 0 0 0 0 0 
56829  101  8  0 FF 1 0 0 0 0 0 
56840  102  8  1 93 1 0 0 2 CC 0 
56919  100  8  0 0 0 0 9C 1 FF 0 
56920  638  8  4D 4B 48 A 0 0 0 0 
56921  639  8  11 A0 F 0 0 0 0 0 
56929  101  8  0 FF 1 0 0 0 0 0 
56939  102  8  1 93 1 0 0 2 CC 0 
57019  100  8  0 0 0 0 9C 1 FF 0 
57020  638  8  4D 4B 48 A 0 0 0 1 
57021  639  8  11 A0 F 0 0 0 0 0 
57029  101  8  0 FF 1 0 0 0 0 0 
57039  102  8  1 93 1 0 0 2 CC 0 
57119  100  8  0 0 0 0 9C 1 FF 0 
57120  638  8  4D 4B 48 A 0 0 0 0 
57121  639  8  11 A0 F 0 0 0 0 0 
57129  101  8  0 FF 1 0 0 0 0 0 
57140  102  8  1 93 1 0 0 2 CC 0 
57219  100  8  0 0 0 0 9C 1 FF 0 
57220  638  8  4D 4B 48 A 0 0 0 1 
57221  639  8  11 A0 F 0 0 0 0 0 
57229  101  8  0 FF 1 0 0 0 0 0 
57240  102  8  1 93 1 0 0 2 CC 0 
57319  100  8  0 0 0 0 9C 1 FF 0 
57320  638  8  4D 4B 48 A 0 0 0 0 
57321  639  8  11 A0 F 0 0 0 0 0 
57329  101  8  0 FF 1 0 0 0 0 0 
57339  102  8  1 93 1 0 0 2 CC 0 
57419  100  8  0 0 0 0 9C 1 FF 0 
57420  638  8  4D 4B 48 A 0 0 0 1 
57421  639  8  11 A0 F 0 0 0 0 0 
57429  101  8  0 FF 1 0 0 0 0 0 
57439  102  8  1 93 1 0 0 2 CC 0 
57519  100  8  0 0 0 0 9C 1 FF 0 
57520  638  8  4D 4B 48 A 0 0 0 0 
57521  639  8  11 A0 F 0 0 0 0 0 
57529  101  8  0 FF 1 0 0 0 0 0 
57540  102  8  1 93 1 0 0 2 CC 0 
57619  100  8  0 0 0 0 9C 1 FF 0 
57620  638  8  4D 4B 48 A 0 0 0 1 
57621  639  8  11 A0 F 0 0 0 0 0 
57629  101  8  0 FF 1 0 0 0 0 0 
57640  102  8  1 93 1 0 0 2 CC 0 
57719  100  8  0 0 0 0 9C 1 FF 0 
57720  638  8  4D 4B 48 A 0 0 0 0 
57721  639  8  11 A0 F 0 0 0 0 0 
57729  101  8  0 FF 1 0 0 0 0 0 
57739  102  8  1 93 1 0 0 2 CC 0 
57819  100  8  0 0 0 0 9C 1 FF 0 
57820  638  8  4D 4B 48 A 0 0 0 1 
57821  639  8  11 A0 F 0 0 0 0 0 
57829  101  8  0 FF 1 0 0 0 0 0 
57839  102  8  1 93 1 0 0 2 CC 0 
57919  100  8  0 0 0 0 9C 1 FF 0 
57920  638  8  4D 4B 48 A 0 0 0 0 
57921  639  8  11 A0 F 0 0 0 0 0 
57929  101  8  0 FF 1 0 0 0 0 0 
57940  102  8  1 93 1 0 0 2 CC 0 
58019  100  8  0 0 0 0 9C 1 FF 0 
58020  638  8  4D 4B 48 A 0 0 0 1 
58021  639  8  11 A0 F 0 0 0 0 0 
58029  101  8  0 FF 1 0 0 0 0 0 
58040  102  8  1 93 1 0 0 2 CC 0 
58119  100  8  0 0 0 0 9C 1 FF 0 
58120  638  8  4D 4B 48 A 0 0 0 0 
58121  639  8  11 A0 F 0 0 0 0 0 
58129  101  8  0 FF 1 0 0 0 0 0 
58139  102  8  1 93 1 0 0 2 CC 0 
58219  100  8  0 0 0 0 9C 1 FF 0 
58220  638  8  4D 4B 48 A 0 0 0 1 
58221  639  8  11 A0 F 0 0 0 0 0 
58229  101  8  0 FF 1 0 0 0 0 0 
58239  102  8  1 93 1 0 0 2 CC 0 
58319  100  8  0 0 0 0 9C 1 FF 0 
58320  638  8  4D 4B 48 A 0 0 0 0 
58321  639  8  11 A0 F 0 0 0 0 0 
58329  101  8  0 FF 1 0 0 0 0 0 
58340  102  8  1 93 1 0 0 2 CC 0 
58419  100  8  0 0 0 0 9C 1 FF 0 
58420  638  8  4D 4B 48 A 0 0 0 1 
58421  639  8  11 A0 F 0 0 0 0 0 
58429  101  8  0 FF 1 0 0 0 0 0 
58440  102  8  1 93 1 0 0 2 CC 0 
58519  100  8  0 0 0 0 9C 1 FF 0 
58520  638  8  4D 4B 48 A 0 0 0 0 
58521  639  8  11 A0 F 0 0 0 0 0 
58529  101  8  0 FF 1 0 0 0 0 0 
58539  102  8  1 93 1 0 0 2 CC 0 
58619  100  8  0 0 0 0 9C 1 FF 0 
58620  638  8  4D 4B 48 A 0 0 0 1 
58621  639  8  11 A0 F 0 0 0 0 0 
58629  101  8  0 FF 1 0 0 0 0 0 
58639  102  8  1 93 1 0 0 2 CC 0 
58719  100  8  0 0 0 0 9C 1 FF 0 
58720  638  8  4D 4B 48 A 0 0 0 0 
58721  639  8  11 A0 F 0 0 0 0 0 
58729  101  8  0 FF 1 0 0 0 0 0 
58740  102  8  1 93 1 0 0 2 CC 0 
58819  100  8  0 0 0 0 9C 1 FF 0 
58820  638  8  4D 4B 48 A 0 0 0 1 
58821  639  8  11 A0 F 0 0 0 0 0 
58829  101  8  0 FF 1 0 0 0 0 0 
58839  102  8  1 93 1 0 0 2 CC 0 
58919  100  8  0 0 0 0 9C 1 FF 0 
58920  638  8  4D 4B 48 A 0 0 0 0 
58921  639  8  11 A0 F 0 0 0 0 0 
58929  101  8  0 FF 1 0 0 0 0 0 
58939  102  8  1 93 1 0 0 2 CC 0 
59019  100  8  0 0 0 0 9C 1 FF 0 
59020  638  8  4D 4B 48 A 0 0 0 1 
59021  639  8  11 A0 F 0 0 0 0 0 
59029  101  8  0 FF 1 0 0 0 0 0 
59039  102  8  1 93 1 0 0 2 CC 0 
59119  100  8  0 0 0 0 9C 1 FF 0 
59120  638  8  4D 4B 48 A 0 0 0 0 
59121  639  8  11 A0 F 0 0 0 0 0 
59129  101  8  0 FF 1 0 0 0 0 0 
59139  102  8  1 93 1 0 0 2 CC 0 
59219  100  8  0 0 0 0 9C 1 FF 0 
59220  638  8  4D 4B 48 A 0 0 0 1 
59221  639  8  11 A0 F 0 0 0 0 0 
59229  101  8  0 FF 1 0 0 0 0 0 
59239  102  8  1 93 1 0 0 2 CC 0 
59319  100  8  0 0 0 0 9C 1 FF 0 
59320  638  8  4D 4B 48 A 0 0 0 0 
59321  639  8  11 A0 F 0 0 0 0 0 
59329  101  8  0 FF 1 0 0 0 0 0 
59339  102  8  1 93 1 0 0 2 CC 0 
59419  100  8  0 0 0 0 9C 1 FF 0 
59420  638  8  4D 4B 48 A 0 0 0 1 
59421  639  8  11 A0 F 0 0 0 0 0 
59429  101  8  0 FF 1 0 0 0 0 0 
59439  102  8  1 93 1 0 0 2 CC 0 
59519  100  8  0 0 0 0 9C 1 FF 0 
59520  638  8  4D 4B 48 A 0 0 0 0 
59521  639  8  11 A0 F 0 0 0 0 0 
59528  101  8  0 FF 1 0 0 0 0 0 
59539  102  8  1 93 1 0 0 2 CC 0 
59619  100  8  0 0 0 0 9C 1 FF 0 
59620  638  8  4D 4B 48 A 0 0 0 1 
59621  639  8  11 A0 F 0 0 0 0 0 
59628  101  8  0 FF 1 0 0 0 0 0 
59639  102  8  1 93 1 0 0 2 CC 0 
59719  100  8  0 0 0 0 9C 1 FF 0 
59720  638  8  4D 4B 48 A 0 0 0 0 
59721  639  8  11 A0 F 0 0 0 0 0 
59729  101  8  0 FF 1 0 0 0 0 0 
59739  102  8  1 93 1 0 0 2 CC 0 
59819  100  8  0 0 0 0 9C 1 FF 0 
59820  638  8  4D 4B 48 A 0 0 0 1 
59821  639  8  11 A0 F 0 0 0 0 0 
59829  101  8  0 FF 1 0 0 0 0 0 
59839  102  8  1 93 1 0 0 2 CC 0 
59920  100  8  0 0 0 0 9C 1 FF 0 
59920  638  8  4D 4B 48 A 0 0 0 0 
59921  639  8  11 A0 F 0 0 0 0 0 
59928  101  8  0 FF 1 0 0 0 0 0 
59939  102  8  1 93 1 0 0 2 CC 0 
E (60312) wifi:sta is connecting, return error
60019  100  8  0 0 0 0 9C 1 FF 0 
60020  638  8  4D 4B 48 A 0 0 0 1 
60021  639  8  11 A0 F 0 0 0 0 0 
60028  101  8  0 FF 1 0 0 0 0 0 
60039  102  8  1 93 1 0 0 2 CC 0 
60119  100  8  0 0 0 0 9C 1 FF 0 
60120  638  8  4D 4B 48 A 0 0 0 0 
60121  639  8  11 A0 F 0 0 0 0 0 
60129  101  8  0 FF 1 0 0 0 0 0 
60139  102  8  1 93 1 0 0 2 CC 0 
60219  100  8  0 0 0 0 9C 1 FF 0 
60220  638  8  4D 4B 48 A 0 0 0 1 
60221  639  8  11 A0 F 0 0 0 0 0 
60229  101  8  0 FF 1 0 0 0 0 0 
60239  102  8  1 93 1 0 0 2 CC 0 
60319  100  8  0 0 0 0 9C 1 FF 0 
60320  638  8  4D 4B 48 A 0 0 0 0 
60321  639  8  11 A0 F 0 0 0 0 0 
60328  101  8  0 FF 1 0 0 0 0 0 
60339  102  8  1 93 1 0 0 2 CC 0 
60419  100  8  0 0 0 0 9C 1 FF 0 
60420  638  8  4D 4B 48 A 0 0 0 1 
60421  639  8  11 A0 F 0 0 0 0 0 
60428  101  8  0 FF 1 0 0 0 0 0 
60439  102  8  1 93 1 0 0 2 CC 0 
60519  100  8  0 0 0 0 9C 1 FF 0 
60520  638  8  4D 4B 48 A 0 0 0 0 
60521  639  8  11 A0 F 0 0 0 0 0 
60529  101  8  0 FF 1 0 0 0 0 0 
60539  102  8  1 93 1 0 0 2 CC 0 
60619  100  8  0 0 0 0 9C 1 FF 0 
60620  638  8  4D 4B 48 A 0 0 0 1 
60621  639  8  11 A0 F 0 0 0 0 0 
60629  101  8  0 FF 1 0 0 0 0 0 
60639  102  8  1 93 1 0 0 2 CC 0 
60719  100  8  0 0 0 0 9C 1 FF 0 
60720  638  8  4D 4B 48 A 0 0 0 0 
60721  639  8  11 A0 F 0 0 0 0 0 
60728  101  8  0 FF 1 0 0 0 0 0 
60739  102  8  1 93 1 0 0 2 CC 0 
60819  100  8  0 0 0 0 9C 1 FF 0 
60820  638  8  4D 4B 48 A 0 0 0 1 
60821  639  8  11 A0 F 0 0 0 0 0 
60828  101  8  0 FF 1 0 0 0 0 0 
60839  102  8  1 93 1 0 0 2 CC 0 
60919  100  8  0 0 0 0 9C 1 FF 0 
60920  638  8  4D 4B 48 A 0 0 0 0 
60921  639  8  11 A0 F 0 0 0 0 0 
60929  101  8  0 FF 1 0 0 0 0 0 
60939  102  8  1 93 1 0 0 2 CC 0 
61019  100  8  0 0 0 0 9C 1 FF 0 
61020  638  8  4D 4B 48 A 0 0 0 1 
61021  639  8  11 A0 F 0 0 0 0 0 
61029  101  8  0 FF 1 0 0 0 0 0 
61039  102  8  1 93 1 0 0 2 CC 0 
61119  100  8  0 0 0 0 9C 1 FF 0 
61120  638  8  4D 4B 48 A 0 0 0 0 
61121  639  8  11 A0 F 0 0 0 0 0 
61128  101  8  0 FF 1 0 0 0 0 0 
61139  102  8  1 93 1 0 0 2 CC 0 
61219  100  8  0 0 0 0 9C 1 FF 0 
61220  638  8  4D 4B 48 A 0 0 0 1 
61221  639  8  11 A0 F 0 0 0 0 0 
61228  101  8  0 FF 1 0 0 0 0 0 
61239  102  8  1 93 1 0 0 2 CC 0 
61319  100  8  0 0 0 0 9C 1 FF 0 
61320  638  8  4D 4B 48 A 0 0 0 0 
61321  639  8  11 A0 F 0 0 0 0 0 
61329  101  8  0 FF 1 0 0 0 0 0 
61339  102  8  1 93 1 0 0 2 CC 0 
61419  100  8  0 0 0 0 9C 1 FF 0 
61420  638  8  4D 4B 48 A 0 0 0 1 
61421  639  8  11 A0 F 0 0 0 0 0 
61429  101  8  0 FF 1 0 0 0 0 0 
61439  102  8  1 93 1 0 0 2 CC 0 
61519  100  8  0 0 0 0 9C 1 FF 0 
61520  638  8  4D 4B 48 A 0 0 0 0 
61521  639  8  11 A0 F 0 0 0 0 0 
61528  101  8  0 FF 1 0 0 0 0 0 
61539  102  8  1 93 1 0 0 2 CC 0 
61619  100  8  0 0 0 0 9C 1 FF 0 
61620  638  8  4D 4B 48 A 0 0 0 1 
61621  639  8  11 A0 F 0 0 0 0 0 
61628  101  8  0 FF 1 0 0 0 0 0 
61639  102  8  1 93 1 0 0 2 CC 0 
61719  100  8  0 0 0 0 9C 1 FF 0 
61720  638  8  4D 4B 48 A 0 0 0 0 
61721  639  8  11 A0 F 0 0 0 0 0 
61728  101  8  0 FF 1 0 0 0 0 0 
61739  102  8  1 93 1 0 0 2 CC 0 
61819  100  8  0 0 0 0 9C 1 FF 0 
61820  638  8  4D 4B 48 A 0 0 0 1 
61821  639  8  11 A0 F 0 0 0 0 0 
61829  101  8  0 FF 1 0 0 0 0 0 
61839  102  8  1 93 1 0 0 2 CC 0 
61919  100  8  0 0 0 0 9C 1 FF 0 
61920  638  8  4D 4B 48 A 0 0 0 0 
61921  639  8  11 A0 F 0 0 0 0 0 
61928  101  8  0 FF 1 0 0 0 0 0 
61939  102  8  1 93 1 0 0 2 CC 0 
62019  100  8  0 0 0 0 9C 1 FF 0 
62020  638  8  4D 4B 48 A 0 0 0 1 
62021  639  8  11 A0 F 0 0 0 0 0 
62028  101  8  0 FF 1 0 0 0 0 0 
62039  102  8  1 93 1 0 0 2 CC 0 
62119  100  8  0 0 0 0 9C 1 FF 0 
62120  638  8  4D 4B 48 A 0 0 0 0 
62121  639  8  11 A0 F 0 0 0 0 0 
62128  101  8  0 FF 1 0 0 0 0 0 
62139  102  8  1 93 1 0 0 2 CC 0 
62219  100  8  0 0 0 0 9C 1 FF 0 
62220  638  8  4D 4B 48 A 0 0 0 1 
62221  639  8  11 A0 F 0 0 0 0 0 
62229  101  8  0 FF 1 0 0 0 0 0 
62239  102  8  1 93 1 0 0 2 CC 0 
62319  100  8  0 0 0 0 9C 1 FF 0 
62320  638  8  4D 4B 48 A 0 0 0 0 
62321  639  8  11 A0 F 0 0 0 0 0 
62328  101  8  0 FF 1 0 0 0 0 0 
62339  102  8  1 93 1 0 0 2 CC 0 
62419  100  8  0 0 0 0 9C 1 FF 0 
62420  638  8  4D 4B 48 A 0 0 0 1 
62421  639  8  11 A0 F 0 0 0 0 0 
62428  101  8  0 FF 1 0 0 0 0 0 
62439  102  8  1 93 1 0 0 2 CC 0 
62519  100  8  0 0 0 0 9C 1 FF 0 
62520  638  8  4D 4B 48 A 0 0 0 0 
62521  639  8  11 A0 F 0 0 0 0 0 
62528  101  8  0 FF 1 0 0 0 0 0 
62539  102  8  1 93 1 0 0 2 CC 0 
62619  100  8  0 0 0 0 9C 1 FF 0 
62620  638  8  4D 4B 48 A 0 0 0 1 
62621  639  8  11 A0 F 0 0 0 0 0 
62629  101  8  0 FF 1 0 0 0 0 0 
62639  102  8  1 93 1 0 0 2 CC 0 
62719  100  8  0 0 0 0 9C 1 FF 0 
62720  638  8  4D 4B 48 A 0 0 0 0 
62721  639  8  11 A0 F 0 0 0 0 0 
62728  101  8  0 FF 1 0 0 0 0 0 
62739  102  8  1 93 1 0 0 2 CC 0 
62819  100  8  0 0 0 0 9C 1 FF 0 
62820  638  8  4D 4B 48 A 0 0 0 1 
62821  639  8  11 A0 F 0 0 0 0 0 
62828  101  8  0 FF 1 0 0 0 0 0 
62839  102  8  1 93 1 0 0 2 CC 0 
62919  100  8  0 0 0 0 9C 1 FF 0 
62920  638  8  4D 4B 48 A 0 0 0 0 
62921  639  8  11 A0 F 0 0 0 0 0 
62928  101  8  0 FF 1 0 0 0 0 0 
62939  102  8  1 93 1 0 0 2 CC 0 
63019  100  8  0 0 0 0 9C 1 FF 0 
63020  638  8  4D 4B 48 A 0 0 0 1 
63021  639  8  11 A0 F 0 0 0 0 0 
63028  101  8  0 FF 1 0 0 0 0 0 
63039  102  8  1 93 1 0 0 2 CC 0 
63119  100  8  0 0 0 0 9C 1 FF 0 
63120  638  8  4D 4B 48 A 0 0 0 0 
63121  639  8  11 A0 F 0 0 0 0 0 
63128  101  8  0 FF 1 0 0 0 0 0 
63139  102  8  1 93 1 0 0 2 CC 0 
63219  100  8  0 0 0 0 9C 1 FF 0 
63220  638  8  4D 4B 48 A 0 0 0 1 
63221  639  8  11 A0 F 0 0 0 0 0 
63228  101  8  0 FF 1 0 0 0 0 0 
63239  102  8  1 93 1 0 0 2 CC 0 
63319  100  8  0 0 0 0 9C 1 FF 0 
63320  638  8  4D 4B 48 A 0 0 0 0 
63321  639  8  11 A0 F 0 0 0 0 0 
63328  101  8  0 FF 1 0 0 0 0 0 
63339  102  8  1 93 1 0 0 2 CC 0 
63419  100  8  0 0 0 0 9C 1 FF 0 
63420  638  8  4D 4B 48 A 0 0 0 1 
63421  639  8  11 A0 F 0 0 0 0 0 
63428  101  8  0 FF 1 0 0 0 0 0 
63439  102  8  1 93 1 0 0 2 CC 0 
63519  100  8  0 0 0 0 9C 1 FF 0 
63520  638  8  4D 4B 48 A 0 0 0 0 
63521  639  8  11 A0 F 0 0 0 0 0 
63528  101  8  0 FF 1 0 0 0 0 0 
63539  102  8  1 93 1 0 0 2 CC 0 
63619  100  8  0 0 0 0 9C 1 FF 0 
63620  638  8  4D 4B 48 A 0 0 0 1 
63621  639  8  11 A0 F 0 0 0 0 0 
63628  101  8  0 FF 1 0 0 0 0 0 
63639  102  8  1 93 1 0 0 2 CC 0 
63719  100  8  0 0 0 0 9C 1 FF 0 
63720  638  8  4D 4B 48 A 0 0 0 0 
63721  639  8  11 A0 F 0 0 0 0 0 
63728  101  8  0 FF 1 0 0 0 0 0 
63739  102  8  1 93 1 0 0 2 CC 0 
63819  100  8  0 0 0 0 9C 1 FF 0 
63820  638  8  4D 4B 48 A 0 0 0 1 
63821  639  8  11 A0 F 0 0 0 0 0 
63828  101  8  0 FF 1 0 0 0 0 0 
63839  102  8  1 93 1 0 0 2 CC 0 
63919  100  8  0 0 0 0 9C 1 FF 0 
63920  638  8  4D 4B 48 A 0 0 0 0 
63921  639  8  11 A0 F 0 0 0 0 0 
63928  101  8  0 FF 1 0 0 0 0 0 
63939  102  8  1 93 1 0 0 2 CC 0 
64019  100  8  0 0 0 0 9C 1 FF 0 
64020  638  8  4D 4B 48 A 0 0 0 1 
64021  639  8  11 A0 F 0 0 0 0 0 
64028  101  8  0 FF 1 0 0 0 0 0 
64039  102  8  1 93 1 0 0 2 CC 0 
64119  100  8  0 0 0 0 9C 1 FF 0 
64120  638  8  4D 4B 48 A 0 0 0 0 
64121  639  8  11 A0 F 0 0 0 0 0 
64128  101  8  0 FF 1 0 0 0 0 0 
64139  102  8  1 93 1 0 0 2 CC 0 
64219  100  8  0 0 0 0 9C 1 FF 0 
64220  638  8  4D 4B 48 A 0 0 0 1 
64221  639  8  11 A0 F 0 0 0 0 0 
64228  101  8  0 FF 1 0 0 0 0 0 
64239  102  8  1 93 1 0 0 2 CC 0 
64319  100  8  0 0 0 0 9C 1 FF 0 
64320  638  8  4D 4B 48 A 0 0 0 0 
64321  639  8  11 A0 F 0 0 0 0 0 
64328  101  8  0 FF 1 0 0 0 0 0 
64339  102  8  1 93 1 0 0 2 CC 0 
64419  100  8  0 0 0 0 9C 1 FF 0 
64420  638  8  4D 4B 48 A 0 0 0 1 
64421  639  8  11 A0 F 0 0 0 0 0 
64428  101  8  0 FF 1 0 0 0 0 0 
64439  102  8  1 93 1 0 0 2 CC 0 
64519  100  8  0 0 0 0 9C 1 FF 0 
64520  638  8  4D 4B 48 A 0 0 0 0 
64521  639  8  11 A0 F 0 0 0 0 0 
64528  101  8  0 FF 1 0 0 0 0 0 
64539  102  8  1 93 1 0 0 2 CC 0 
64619  100  8  0 0 0 0 9C 1 FF 0 
64620  638  8  4D 4B 48 A 0 0 0 1 
64621  639  8  11 A0 F 0 0 0 0 0 
64628  101  8  0 FF 1 0 0 0 0 0 
64639  102  8  1 93 1 0 0 2 CC 0 
64719  100  8  0 0 0 0 9C 1 FF 0 
64720  638  8  4D 4B 48 A 0 0 0 0 
64721  639  8  11 A0 F 0 0 0 0 0 
64728  101  8  0 FF 1 0 0 0 0 0 
64739  102  8  1 93 1 0 0 2 CC 0 
64819  100  8  0 0 0 0 9C 1 FF 0 
64820  638  8  4D 4B 48 A 0 0 0 1 
64821  639  8  11 A0 F 0 0 0 0 0 
64828  101  8  0 FF 1 0 0 0 0 0 
64839  102  8  1 93 1 0 0 2 CC 0 
64919  100  8  0 0 0 0 9C 1 FF 0 
64920  638  8  4D 4B 48 A 0 0 0 0 
64921  639  8  11 A0 F 0 0 0 0 0 
64928  101  8  0 FF 1 0 0 0 0 0 
64939  102  8  1 93 1 0 0 2 CC 0 
65019  100  8  0 0 0 0 9C 1 FF 0 
65020  638  8  4D 4B 48 A 0 0 0 1 
65021  639  8  11 A0 F 0 0 0 0 0 
65028  101  8  0 FF 1 0 0 0 0 0 
65039  102  8  1 93 1 0 0 2 CC 0 
65119  100  8  0 0 0 0 9C 1 FF 0 
65120  638  8  4D 4B 48 A 0 0 0 0 
65121  639  8  11 A0 F 0 0 0 0 0 
65128  101  8  0 FF 1 0 0 0 0 0 
65139  102  8  1 93 1 0 0 2 CC 0 
65219  100  8  0 0 0 0 9C 1 FF 0 
65220  638  8  4D 4B 48 A 0 0 0 1 
65221  639  8  11 A0 F 0 0 0 0 0 
65228  101  8  0 FF 1 0 0 0 0 0 
65239  102  8  1 93 1 0 0 2 CC 0 
65319  100  8  0 0 0 0 9C 1 FF 0 
65320  638  8  4D 4B 48 A 0 0 0 0 
65321  639  8  11 A0 F 0 0 0 0 0 
65328  101  8  0 FF 1 0 0 0 0 0 
65339  102  8  1 93 1 0 0 2 CC 0 
65419  100  8  0 0 0 0 9C 1 FF 0 
65420  638  8  4D 4B 48 A 0 0 0 1 
65421  639  8  11 A0 F 0 0 0 0 0 
65428  101  8  0 FF 1 0 0 0 0 0 
65439  102  8  1 93 1 0 0 2 CC 0 
65519  100  8  0 0 0 0 9C 1 FF 0 
65520  638  8  4D 4B 48 A 0 0 0 0 
65521  639  8  11 A0 F 0 0 0 0 0 
65528  101  8  0 FF 1 0 0 0 0 0 
65539  102  8  1 93 1 0 0 2 CC 0 
65619  100  8  0 0 0 0 9C 1 FF 0 
65620  638  8  4D 4B 48 A 0 0 0 1 
65621  639  8  11 A0 F 0 0 0 0 0 
65628  101  8  0 FF 1 0 0 0 0 0 
65639  102  8  1 93 1 0 0 2 CC 0 
65719  100  8  0 0 0 0 9C 1 FF 0 
65720  638  8  4D 4B 48 A 0 0 0 0 
65721  639  8  11 A0 F 0 0 0 0 0 
65728  101  8  0 FF 1 0 0 0 0 0 
65739  102  8  1 93 1 0 0 2 CC 0 
65819  100  8  0 0 0 0 9C 1 FF 0 
65820  638  8  4D 4B 48 A 0 0 0 1 
65821  639  8  11 A0 F 0 0 0 0 0 
65828  101  8  0 FF 1 0 0 0 0 0 
65839  102  8  1 93 1 0 0 2 CC 0 
65919  100  8  0 0 0 0 9C 1 FF 0 
65920  638  8  4D 4B 48 A 0 0 0 0 
65921  639  8  11 A0 F 0 0 0 0 0 
65928  101  8  0 FF 1 0 0 0 0 0 
65939  102  8  1 93 1 0 0 2 CC 0 
66019  100  8  0 0 0 0 9C 1 FF 0 
66020  638  8  4D 4B 48 A 0 0 0 1 
66021  639  8  11 A0 F 0 0 0 0 0 
66028  101  8  0 FF 1 0 0 0 0 0 
66039  102  8  1 93 1 0 0 2 CC 0 
66119  100  8  0 0 0 0 9C 1 FF 0 
66120  638  8  4D 4B 48 A 0 0 0 0 
66121  639  8  11 A0 F 0 0 0 0 0 
66128  101  8  0 FF 1 0 0 0 0 0 
66139  102  8  1 93 1 0 0 2 CC 0 
66219  100  8  0 0 0 0 9C 1 FF 0 
66220  638  8  4D 4B 48 A 0 0 0 1 
66221  639  8  11 A0 F 0 0 0 0 0 
66228  101  8  0 FF 1 0 0 0 0 0 
66239  102  8  1 93 1 0 0 2 CC 0 
66319  100  8  0 0 0 0 9C 1 FF 0 
66320  638  8  4D 4B 48 A 0 0 0 0 
66321  639  8  11 A0 F 0 0 0 0 0 
66328  101  8  0 FF 1 0 0 0 0 0 
66339  102  8  1 93 1 0 0 2 CC 0 
66419  100  8  0 0 0 0 9C 1 FF 0 
66420  638  8  4D 4B 48 A 0 0 0 1 
66421  639  8  11 A0 F 0 0 0 0 0 
66428  101  8  0 FF 1 0 0 0 0 0 
66439  102  8  1 93 1 0 0 2 CC 0 
66519  100  8  0 0 0 0 9C 1 FF 0 
66520  638  8  4D 4B 48 A 0 0 0 0 
66521  639  8  11 A0 F 0 0 0 0 0 
66528  101  8  0 FF 1 0 0 0 0 0 
66539  102  8  1 93 1 0 0 2 CC 0 
66619  100  8  0 0 0 0 9C 1 FF 0 
66620  638  8  4D 4B 48 A 0 0 0 1 
66621  639  8  11 A0 F 0 0 0 0 0 
66628  101  8  0 FF 1 0 0 0 0 0 
66639  102  8  1 93 1 0 0 2 CC 0 
66719  100  8  0 0 0 0 9C 1 FF 0 
66720  638  8  4D 4B 48 A 0 0 0 0 
66721  639  8  11 A0 F 0 0 0 0 0 
66728  101  8  0 FF 1 0 0 0 0 0 
66739  102  8  1 93 1 0 0 2 CC 0 
66819  100  8  0 0 0 0 9C 1 FF 0 
66820  638  8  4D 4B 48 A 0 0 0 1 
66821  639  8  11 A0 F 0 0 0 0 0 
66828  101  8  0 FF 1 0 0 0 0 0 
66839  102  8  1 93 1 0 0 2 CC 0 
66919  100  8  0 0 0 0 9C 1 FF 0 
66920  638  8  4D 4B 48 A 0 0 0 0 
66921  639  8  11 A0 F 0 0 0 0 0 
66928  101  8  0 FF 1 0 0 0 0 0 
66939  102  8  1 93 1 0 0 2 CC 0 
67019  100  8  0 0 0 0 9C 1 FF 0 
67020  638  8  4D 4B 48 A 0 0 0 1 
67021  639  8  11 A0 F 0 0 0 0 0 
67028  101  8  0 FF 1 0 0 0 0 0 
67039  102  8  1 93 1 0 0 2 CC 0 
67119  100  8  0 0 0 0 9C 1 FF 0 
67120  638  8  4D 4B 48 A 0 0 0 0 
67121  639  8  11 A0 F 0 0 0 0 0 
67128  101  8  0 FF 1 0 0 0 0 0 
67139  102  8  1 93 1 0 0 2 CC 0 
67219  100  8  0 0 0 0 9C 1 FF 0 
67220  638  8  4D 4B 48 A 0 0 0 1 
67221  639  8  11 A0 F 0 0 0 0 0 
67228  101  8  0 FF 1 0 0 0 0 0 
67239  102  8  1 93 1 0 0 2 CC 0 
67319  100  8  0 0 0 0 9C 1 FF 0 
67320  638  8  4D 4B 48 A 0 0 0 0 
67321  639  8  11 A0 F 0 0 0 0 0 
67328  101  8  0 FF 1 0 0 0 0 0 
67339  102  8  1 93 1 0 0 2 CC 0 
67419  100  8  0 0 0 0 9C 1 FF 0 
67420  638  8  4D 4B 48 A 0 0 0 1 
67421  639  8  11 A0 F 0 0 0 0 0 
67428  101  8  0 FF 1 0 0 0 0 0 
67439  102  8  1 93 1 0 0 2 CC 0 
67519  100  8  0 0 0 0 9C 1 FF 0 
67520  638  8  4D 4B 48 A 0 0 0 0 
67521  639  8  11 A0 F 0 0 0 0 0 
67528  101  8  0 FF 1 0 0 0 0 0 
67539  102  8  1 93 1 0 0 2 CC 0 
67619  100  8  0 0 0 0 9C 1 FF 0 
67620  638  8  4D 4B 48 A 0 0 0 1 
67621  639  8  11 A0 F 0 0 0 0 0 
67628  101  8  0 FF 1 0 0 0 0 0 
67639  102  8  1 93 1 0 0 2 CC 0 
67719  100  8  0 0 0 0 9C 1 FF 0 
67720  638  8  4D 4B 48 A 0 0 0 0 
67721  639  8  11 A0 F 0 0 0 0 0 
67728  101  8  0 FF 1 0 0 0 0 0 
67739  102  8  1 93 1 0 0 2 CC 0 
67819  100  8  0 0 0 0 9C 1 FF 0 
67820  638  8  4D 4B 48 A 0 0 0 1 
67821  639  8  11 A0 F 0 0 0 0 0 
67828  101  8  0 FF 1 0 0 0 0 0 
67839  102  8  1 93 1 0 0 2 CC 0 
67919  100  8  0 0 0 0 9C 1 FF 0 
67920  638  8  4D 4B 48 A 0 0 0 0 
67921  639  8  11 A0 F 0 0 0 0 0 
67928  101  8  0 FF 1 0 0 0 0 0 
67939  102  8  1 93 1 0 0 2 CC 0 
68019  100  8  0 0 0 0 9C 1 FF 0 
68020  638  8  4D 4B 48 A 0 0 0 1 
68021  639  8  11 A0 F 0 0 0 0 0 
68028  101  8  0 FF 1 0 0 0 0 0 
68039  102  8  1 93 1 0 0 2 CC 0 
68119  100  8  0 0 0 0 9C 1 FF 0 
68120  638  8  4D 4B 48 A 0 0 0 0 
68121  639  8  11 A0 F 0 0 0 0 0 
68128  101  8  0 FF 1 0 0 0 0 0 
68139  102  8  1 93 1 0 0 2 CC 0 
68219  100  8  0 0 0 0 9C 1 FF 0 
68220  638  8  4D 4B 48 A 0 0 0 1 
68221  639  8  11 A0 F 0 0 0 0 0 
68228  101  8  0 FF 1 0 0 0 0 0 
68239  102  8  1 93 1 0 0 2 CC 0 
68319  100  8  0 0 0 0 9C 1 FF 0 
68320  638  8  4D 4B 48 A 0 0 0 0 
68321  639  8  11 A0 F 0 0 0 0 0 
68328  101  8  0 FF 1 0 0 0 0 0 
68339  102  8  1 93 1 0 0 2 CC 0 
68419  100  8  0 0 0 0 9C 1 FF 0 
68420  638  8  4D 4B 48 A 0 0 0 1 
68421  639  8  11 A0 F 0 0 0 0 0 
68428  101  8  0 FF 1 0 0 0 0 0 
68439  102  8  1 93 1 0 0 2 CC 0 
68519  100  8  0 0 0 0 9C 1 FF 0 
68520  638  8  4D 4B 48 A 0 0 0 0 
68521  639  8  11 A0 F 0 0 0 0 0 
68528  101  8  0 FF 1 0 0 0 0 0 
68539  102  8  1 93 1 0 0 2 CC 0 
68619  100  8  0 0 0 0 9C 1 FF 0 
68620  638  8  4D 4B 48 A 0 0 0 1 
68621  639  8  11 A0 F 0 0 0 0 0 
68628  101  8  0 FF 1 0 0 0 0 0 
68639  102  8  1 93 1 0 0 2 CC 0 
68719  100  8  0 0 0 0 9C 1 FF 0 
68720  638  8  4D 4B 48 A 0 0 0 0 
68721  639  8  11 A0 F 0 0 0 0 0 
68728  101  8  0 FF 1 0 0 0 0 0 
68739  102  8  1 93 1 0 0 2 CC 0 
68819  100  8  0 0 0 0 9C 1 FF 0 
68820  638  8  4D 4B 48 A 0 0 0 1 
68821  639  8  11 A0 F 0 0 0 0 0 
68828  101  8  0 FF 1 0 0 0 0 0 
68839  102  8  1 93 1 0 0 2 CC 0 
68919  100  8  0 0 0 0 9C 1 FF 0 
68920  638  8  4D 4B 48 A 0 0 0 0 
68921  639  8  11 A0 F 0 0 0 0 0 
68928  101  8  0 FF 1 0 0 0 0 0 
68939  102  8  1 93 1 0 0 2 CC 0 
69019  100  8  0 0 0 0 9C 1 FF 0 
69020  638  8  4D 4B 48 A 0 0 0 1 
69021  639  8  11 A0 F 0 0 0 0 0 
69028  101  8  0 FF 1 0 0 0 0 0 
69039  102  8  1 93 1 0 0 2 CC 0 
69119  100  8  0 0 0 0 9C 1 FF 0 
69120  638  8  4D 4B 48 A 0 0 0 0 
69121  639  8  11 A0 F 0 0 0 0 0 
69128  101  8  0 FF 1 0 0 0 0 0 
69139  102  8  1 93 1 0 0 2 CC 0 
69219  100  8  0 0 0 0 9C 1 FF 0 
69220  638  8  4D 4B 48 A 0 0 0 1 
69221  639  8  11 A0 F 0 0 0 0 0 
69228  101  8  0 FF 1 0 0 0 0 0 
69239  102  8  1 93 1 0 0 2 CC 0 
69319  100  8  0 0 0 0 9C 1 FF 0 
69320  638  8  4D 4B 48 A 0 0 0 0 
69321  639  8  11 A0 F 0 0 0 0 0 
69328  101  8  0 FF 1 0 0 0 0 0 
69339  102  8  1 93 1 0 0 2 CC 0 
69419  100  8  0 0 0 0 9C 1 FF 0 
69420  638  8  4D 4B 48 A 0 0 0 1 
69421  639  8  11 A0 F 0 0 0 0 0 
69428  101  8  0 FF 1 0 0 0 0 0 
69439  102  8  1 93 1 0 0 2 CC 0 
69519  100  8  0 0 0 0 9C 1 FF 0 
69520  638  8  4D 4B 48 A 0 0 0 0 
69521  639  8  11 A0 F 0 0 0 0 0 
69528  101  8  0 FF 1 0 0 0 0 0 
69539  102  8  1 93 1 0 0 2 CC 0 
69619  100  8  0 0 0 0 9C 1 FF 0 
69620  638  8  4D 4B 48 A 0 0 0 1 
69621  639  8  11 A0 F 0 0 0 0 0 
69628  101  8  0 FF 1 0 0 0 0 0 
69639  102  8  1 93 1 0 0 2 CC 0 
69719  100  8  0 0 0 0 9C 1 FF 0 
69720  638  8  4D 4B 48 A 0 0 0 0 
69721  639  8  11 A0 F 0 0 0 0 0 
69728  101  8  0 FF 1 0 0 0 0 0 
69739  102  8  1 93 1 0 0 2 CC 0 
69819  100  8  0 0 0 0 9C 1 FF 0 
69820  638  8  4D 4B 48 A 0 0 0 1 
69821  639  8  11 A0 F 0 0 0 0 0 
69828  101  8  0 FF 1 0 0 0 0 0 
69839  102  8  1 93 1 0 0 2 CC 0 
69919  100  8  0 0 0 0 9C 1 FF 0 
69920  638  8  4D 4B 48 A 0 0 0 0 
69921  639  8  11 A0 F 0 0 0 0 0 
69928  101  8  0 FF 1 0 0 0 0 0 
69939  102  8  1 93 1 0 0 2 CC 0 
70019  100  8  0 0 0 0 9C 1 FF 0 
70020  638  8  4D 4B 48 A 0 0 0 1 
70021  639  8  11 A0 F 0 0 0 0 0 
70028  101  8  0 FF 1 0 0 0 0 0 
70039  102  8  1 93 1 0 0 2 CC 0 
70119  100  8  0 0 0 0 9C 1 FF 0 
70120  638  8  4D 4B 48 A 0 0 0 0 
70121  639  8  11 A0 F 0 0 0 0 0 
70128  101  8  0 FF 1 0 0 0 0 0 
70139  102  8  1 93 1 0 0 2 CC 0 
70219  100  8  0 0 0 0 9C 1 FF 0 
70220  638  8  4D 4B 48 A 0 0 0 1 
70221  639  8  11 A0 F 0 0 0 0 0 
70228  101  8  0 FF 1 0 0 0 0 0 
70239  102  8  1 93 1 0 0 2 CC 0 
70319  100  8  0 0 0 0 9C 1 FF 0 
70320  638  8  4D 4B 48 A 0 0 0 0 
70321  639  8  11 A0 F 0 0 0 0 0 
70328  101  8  0 FF 1 0 0 0 0 0 
70339  102  8  1 93 1 0 0 2 CC 0 
70419  100  8  0 0 0 0 9C 1 FF 0 
70420  638  8  4D 4B 48 A 0 0 0 1 
70421  639  8  11 A0 F 0 0 0 0 0 
70428  101  8  0 FF 1 0 0 0 0 0 
70439  102  8  1 93 1 0 0 2 CC 0 
70519  100  8  0 0 0 0 9C 1 FF 0 
70520  638  8  4D 4B 48 A 0 0 0 0 
70521  639  8  11 A0 F 0 0 0 0 0 
70528  101  8  0 FF 1 0 0 0 0 0 
70539  102  8  1 93 1 0 0 2 CC 0 
70619  100  8  0 0 0 0 9C 1 FF 0 
70620  638  8  4D 4B 48 A 0 0 0 1 
70621  639  8  11 A0 F 0 0 0 0 0 
70628  101  8  0 FF 1 0 0 0 0 0 
70639  102  8  1 93 1 0 0 2 CC 0 
70719  100  8  0 0 0 0 9C 1 FF 0 
70720  638  8  4D 4B 48 A 0 0 0 0 
70721  639  8  11 A0 F 0 0 0 0 0 
70728  101  8  0 FF 1 0 0 0 0 0 
70739  102  8  1 93 1 0 0 2 CC 0 
70819  100  8  0 0 0 0 9C 1 FF 0 
70820  638  8  4D 4B 48 A 0 0 0 1 
70821  639  8  11 A0 F 0 0 0 0 0 
70828  101  8  0 FF 1 0 0 0 0 0 
70839  102  8  1 93 1 0 0 2 CC 0 
70919  100  8  0 0 0 0 9C 1 FF 0 
70920  638  8  4D 4B 48 A 0 0 0 0 
70921  639  8  11 A0 F 0 0 0 0 0 
70928  101  8  0 FF 1 0 0 0 0 0 
70939  102  8  1 93 1 0 0 2 CC 0 
71019  100  8  0 0 0 0 9C 1 FF 0 
71020  638  8  4D 4B 48 A 0 0 0 1 
71021  639  8  11 A0 F 0 0 0 0 0 
71028  101  8  0 FF 1 0 0 0 0 0 
71039  102  8  1 93 1 0 0 2 CC 0 
71119  100  8  0 0 0 0 9C 1 FF 0 
71120  638  8  4D 4B 48 A 0 0 0 0 
71121  639  8  11 A0 F 0 0 0 0 0 
71128  101  8  0 FF 1 0 0 0 0 0 
71139  102  8  1 93 1 0 0 2 CC 0 
71219  100  8  0 0 0 0 9C 1 FF 0 
71220  638  8  4D 4B 48 A 0 0 0 1 
71221  639  8  11 A0 F 0 0 0 0 0 
71228  101  8  0 FF 1 0 0 0 0 0 
71239  102  8  1 93 1 0 0 2 CC 0 
71319  100  8  0 0 0 0 9C 1 FF 0 
71320  638  8  4D 4B 48 A 0 0 0 0 
71321  639  8  11 A0 F 0 0 0 0 0 
71328  101  8  0 FF 1 0 0 0 0 0 
71339  102  8  1 93 1 0 0 2 CC 0 
71419  100  8  0 0 0 0 9C 1 FF 0 
71420  638  8  4D 4B 48 A 0 0 0 1 
71422  639  8  11 A0 F 0 0 0 0 0 
71428  101  8  0 FF 1 0 0 0 0 0 
71439  102  8  1 93 1 0 0 2 CC 0 
71519  100  8  0 0 0 0 9C 1 FF 0 
71520  638  8  4D 4B 48 A 0 0 0 0 
71521  639  8  11 A0 F 0 0 0 0 0 
71528  101  8  0 FF 1 0 0 0 0 0 
71539  102  8  1 93 1 0 0 2 CC 0 
71619  100  8  0 0 0 0 9C 1 FF 0 
71620  638  8  4D 4B 48 A 0 0 0 1 
71621  639  8  11 A0 F 0 0 0 0 0 
71628  101  8  0 FF 1 0 0 0 0 0 
71639  102  8  1 93 1 0 0 2 CC 0 
71719  100  8  0 0 0 0 9C 1 FF 0 
71720  638  8  4D 4B 48 A 0 0 0 0 
71721  639  8  11 A0 F 0 0 0 0 0 
71728  101  8  0 FF 1 0 0 0 0 0 
71739  102  8  1 93 1 0 0 2 CC 0 
71819  100  8  0 0 0 0 9C 1 FF 0 
71820  638  8  4D 4B 48 A 0 0 0 1 
71821  639  8  11 A0 F 0 0 0 0 0 
71828  101  8  0 FF 1 0 0 0 0 0 
71838  102  8  1 93 1 0 0 2 CC 0 
71919  100  8  0 0 0 0 9C 1 FF 0 
71920  638  8  4D 4B 48 A 0 0 0 0 
71921  639  8  11 A0 F 0 0 0 0 0 
71928  101  8  0 FF 1 0 0 0 0 0 
71939  102  8  1 93 1 0 0 2 CC 0 
72019  100  8  0 0 0 0 9C 1 FF 0 
72020  638  8  4D 4B 48 A 0 0 0 1 
72021  639  8  11 A0 F 0 0 0 0 0 
72028  101  8  0 FF 1 0 0 0 0 0 
72039  102  8  1 93 1 0 0 2 CC 0 
72119  100  8  0 0 0 0 9C 1 FF 0 
72120  638  8  4D 4B 48 A 0 0 0 0 
72121  639  8  11 A0 F 0 0 0 0 0 
72128  101  8  0 FF 1 0 0 0 0 0 
72138  102  8  1 93 1 0 0 2 CC 0 
72219  100  8  0 0 0 0 9C 1 FF 0 
72220  638  8  4D 4B 48 A 0 0 0 1 
72221  639  8  11 A0 F 0 0 0 0 0 
72228  101  8  0 FF 1 0 0 0 0 0 
72238  102  8  1 93 1 0 0 2 CC 0 
72319  100  8  0 0 0 0 9C 1 FF 0 
72320  638  8  4D 4B 48 A 0 0 0 0 
72321  639  8  11 A0 F 0 0 0 0 0 
72328  101  8  0 FF 1 0 0 0 0 0 
72339  102  8  1 93 1 0 0 2 CC 0 
72419  100  8  0 0 0 0 9C 1 FF 0 
72420  638  8  4D 4B 48 A 0 0 0 1 
72421  639  8  11 A0 F 0 0 0 0 0 
72428  101  8  0 FF 1 0 0 0 0 0 
72439  102  8  1 93 1 0 0 2 CC 0 
72519  100  8  0 0 0 0 9C 1 FF 0 
72520  638  8  4D 4B 48 A 0 0 0 0 
72521  639  8  11 A0 F 0 0 0 0 0 
72528  101  8  0 FF 1 0 0 0 0 0 
72538  102  8  1 93 1 0 0 2 CC 0 
72619  100  8  0 0 0 0 9C 1 FF 0 
72620  638  8  4D 4B 48 A 0 0 0 1 
72621  639  8  11 A0 F 0 0 0 0 0 
72628  101  8  0 FF 1 0 0 0 0 0 
72638  102  8  1 93 1 0 0 2 CC 0 
72719  100  8  0 0 0 0 9C 1 FF 0 
72720  638  8  4D 4B 48 A 0 0 0 0 
72721  639  8  11 A0 F 0 0 0 0 0 
72728  101  8  0 FF 1 0 0 0 0 0 
72739  102  8  1 93 1 0 0 2 CC 0 
72819  100  8  0 0 0 0 9C 1 FF 0 
72820  638  8  4D 4B 48 A 0 0 0 1 
72821  639  8  11 A0 F 0 0 0 0 0 
72828  101  8  0 FF 1 0 0 0 0 0 
72839  102  8  1 93 1 0 0 2 CC 0 
72919  100  8  0 0 0 0 9C 1 FF 0 
72920  638  8  4D 4B 48 A 0 0 0 0 
72921  639  8  11 A0 F 0 0 0 0 0 
72928  101  8  0 FF 1 0 0 0 0 0 
72938  102  8  1 93 1 0 0 2 CC 0 
73019  100  8  0 0 0 0 9C 1 FF 0 
73020  638  8  4D 4B 48 A 0 0 0 1 
73021  639  8  11 A0 F 0 0 0 0 0 
73028  101  8  0 FF 1 0 0 0 0 0 
73038  102  8  1 93 1 0 0 2 CC 0 
73119  100  8  0 0 0 0 9C 1 FF 0 
73120  638  8  4D 4B 48 A 0 0 0 0 
73121  639  8  11 A0 F 0 0 0 0 0 
73128  101  8  0 FF 1 0 0 0 0 0 
73139  102  8  1 93 1 0 0 2 CC 0 
73219  100  8  0 0 0 0 9C 1 FF 0 
73220  638  8  4D 4B 48 A 0 0 0 1 
73221  639  8  11 A0 F 0 0 0 0 0 
73228  101  8  0 FF 1 0 0 0 0 0 
73239  102  8  1 93 1 0 0 2 CC 0 
73319  100  8  0 0 0 0 9C 1 FF 0 
73320  638  8  4D 4B 48 A 0 0 0 0 
73321  639  8  11 A0 F 0 0 0 0 0 
73328  101  8  0 FF 1 0 0 0 0 0 
73338  102  8  1 93 1 0 0 2 CC 0 
73419  100  8  0 0 0 0 9C 1 FF 0 
73420  638  8  4D 4B 48 A 0 0 0 1 
73421  639  8  11 A0 F 0 0 0 0 0 
73428  101  8  0 FF 1 0 0 0 0 0 
73438  102  8  1 93 1 0 0 2 CC 0 
73519  100  8  0 0 0 0 9C 1 FF 0 
73520  638  8  4D 4B 48 A 0 0 0 0 
73521  639  8  11 A0 F 0 0 0 0 0 
73528  101  8  0 FF 1 0 0 0 0 0 
73539  102  8  1 93 1 0 0 2 CC 0 
73619  100  8  0 0 0 0 9C 1 FF 0 
73620  638  8  4D 4B 48 A 0 0 0 1 
73621  639  8  11 A0 F 0 0 0 0 0 
73628  101  8  0 FF 1 0 0 0 0 0 
73639  102  8  1 93 1 0 0 2 CC 0 
73719  100  8  0 0 0 0 9C 1 FF 0 
73720  638  8  4D 4B 48 A 0 0 0 0 
73721  639  8  11 A0 F 0 0 0 0 0 
73728  101  8  0 FF 1 0 0 0 0 0 
73738  102  8  1 93 1 0 0 2 CC 0 
73819  100  8  0 0 0 0 9C 1 FF 0 
73820  638  8  4D 4B 48 A 0 0 0 1 
73821  639  8  11 A0 F 0 0 0 0 0 
73828  101  8  0 FF 1 0 0 0 0 0 
73838  102  8  1 93 1 0 0 2 CC 0 
73919  100  8  0 0 0 0 9C 1 FF 0 
73920  638  8  4D 4B 48 A 0 0 0 0 
73921  639  8  11 A0 F 0 0 0 0 0 
73928  101  8  0 FF 1 0 0 0 0 0 
73939  102  8  1 93 1 0 0 2 CC 0 
74019  100  8  0 0 0 0 9C 1 FF 0 
74020  638  8  4D 4B 48 A 0 0 0 1 
74021  639  8  11 A0 F 0 0 0 0 0 
74028  101  8  0 FF 1 0 0 0 0 0 
74039  102  8  1 93 1 0 0 2 CC 0 
74119  100  8  0 0 0 0 9C 1 FF 0 
74120  638  8  4D 4B 48 A 0 0 0 0 
74121  639  8  11 A0 F 0 0 0 0 0 
74128  101  8  0 FF 1 0 0 0 0 0 
74138  102  8  1 93 1 0 0 2 CC 0 
74219  100  8  0 0 0 0 9C 1 FF 0 
74220  638  8  4D 4B 48 A 0 0 0 1 
74221  639  8  11 A0 F 0 0 0 0 0 
74228  101  8  0 FF 1 0 0 0 0 0 
74238  102  8  1 93 1 0 0 2 CC 0 
74319  100  8  0 0 0 0 9C 1 FF 0 
74320  638  8  4D 4B 48 A 0 0 0 0 
74321  639  8  11 A0 F 0 0 0 0 0 
74328  101  8  0 FF 1 0 0 0 0 0 
74339  102  8  1 93 1 0 0 2 CC 0 
74419  100  8  0 0 0 0 9C 1 FF 0 
74420  638  8  4D 4B 48 A 0 0 0 1 
74421  639  8  11 A0 F 0 0 0 0 0 
74428  101  8  0 FF 1 0 0 0 0 0 
74439  102  8  1 93 1 0 0 2 CC 0 
74519  100  8  0 0 0 0 9C 1 FF 0 
74520  638  8  4D 4B 48 A 0 0 0 0 
74521  639  8  11 A0 F 0 0 0 0 0 
74528  101  8  0 FF 1 0 0 0 0 0 
74538  102  8  1 93 1 0 0 2 CC 0 
74619  100  8  0 0 0 0 9C 1 FF 0 
74620  638  8  4D 4B 48 A 0 0 0 1 
74621  639  8  11 A0 F 0 0 0 0 0 
74628  101  8  0 FF 1 0 0 0 0 0 
74638  102  8  1 93 1 0 0 2 CC 0 
74719  100  8  0 0 0 0 9C 1 FF 0 
74720  638  8  4D 4B 48 A 0 0 0 0 
74721  639  8  11 A0 F 0 0 0 0 0 
74728  101  8  0 FF 1 0 0 0 0 0 
74739  102  8  1 93 1 0 0 2 CC 0 
74819  100  8  0 0 0 0 9C 1 FF 0 
74820  638  8  4D 4B 48 A 0 0 0 1 
74821  639  8  11 A0 F 0 0 0 0 0 
74828  101  8  0 FF 1 0 0 0 0 0 
74839  102  8  1 93 1 0 0 2 CC 0 
74919  100  8  0 0 0 0 9C 1 FF 0 
74920  638  8  4D 4B 48 A 0 0 0 0 
74921  639  8  11 A0 F 0 0 0 0 0 
74928  101  8  0 FF 1 0 0 0 0 0 
74938  102  8  1 93 1 0 0 2 CC 0 
E (75313) wifi:sta is connecting, return error
75019  100  8  0 0 0 0 9C 1 FF 0 
75020  638  8  4D 4B 48 A 0 0 0 1 
75021  639  8  11 A0 F 0 0 0 0 0 
75028  101  8  0 FF 1 0 0 0 0 0 
75038  102  8  1 93 1 0 0 2 CC 0 
75119  100  8  0 0 0 0 9C 1 FF 0 
75120  638  8  4D 4B 48 A 0 0 0 0 
75121  639  8  11 A0 F 0 0 0 0 0 
75128  101  8  0 FF 1 0 0 0 0 0 
75139  102  8  1 93 1 0 0 2 CC 0 
75219  100  8  0 0 0 0 9C 1 FF 0 
75220  638  8  4D 4B 48 A 0 0 0 1 
75221  639  8  11 A0 F 0 0 0 0 0 
75228  101  8  0 FF 1 0 0 0 0 0 
75239  102  8  1 93 1 0 0 2 CC 0 
75319  100  8  0 0 0 0 9C 1 FF 0 
75320  638  8  4D 4B 48 A 0 0 0 0 
75321  639  8  11 A0 F 0 0 0 0 0 
75328  101  8  0 FF 1 0 0 0 0 0 
75338  102  8  1 93 1 0 0 2 CC 0 
75418  100  8  0 0 0 0 9C 1 FF 0 
75419  638  8  4D 4B 48 A 0 0 0 1 
75420  639  8  11 A0 F 0 0 0 0 0 
75428  101  8  0 FF 1 0 0 0 0 0 
75438  102  8  1 93 1 0 0 2 CC 0 
75518  100  8  0 0 0 0 9C 1 FF 0 
75519  638  8  4D 4B 48 A 0 0 0 0 
75520  639  8  11 A0 F 0 0 0 0 0 
75528  101  8  0 FF 1 0 0 0 0 0 
75539  102  8  1 93 1 0 0 2 CC 0 
75618  100  8  0 0 0 0 9C 1 FF 0 
75619  638  8  4D 4B 48 A 0 0 0 1 
75620  639  8  11 A0 F 0 0 0 0 0 
75628  101  8  0 FF 1 0 0 0 0 0 
75639  102  8  1 93 1 0 0 2 CC 0 
75718  100  8  0 0 0 0 9C 1 FF 0 
75719  638  8  4D 4B 48 A 0 0 0 0 
75720  639  8  11 A0 F 0 0 0 0 0 
75728  101  8  0 FF 1 0 0 0 0 0 
75738  102  8  1 93 1 0 0 2 CC 0 
75818  100  8  0 0 0 0 9C 1 FF 0 
75819  638  8  4D 4B 48 A 0 0 0 1 
75820  639  8  11 A0 F 0 0 0 0 0 
75828  101  8  0 FF 1 0 0 0 0 0 
75838  102  8  1 93 1 0 0 2 CC 0 
75918  100  8  0 0 0 0 9C 1 FF 0 
75919  638  8  4D 4B 48 A 0 0 0 0 
75920  639  8  11 A0 F 0 0 0 0 0 
75928  101  8  0 FF 1 0 0 0 0 0 
75939  102  8  1 93 1 0 0 2 CC 0 
76018  100  8  0 0 0 0 9C 1 FF 0 
76019  638  8  4D 4B 48 A 0 0 0 1 
76020  639  8  11 A0 F 0 0 0 0 0 
76028  101  8  0 FF 1 0 0 0 0 0 
76039  102  8  1 93 1 0 0 2 CC 0 
76118  100  8  0 0 0 0 9C 1 FF 0 
76119  638  8  4D 4B 48 A 0 0 0 0 
76120  639  8  11 A0 F 0 0 0 0 0 
76128  101  8  0 FF 1 0 0 0 0 0 
76138  102  8  1 93 1 0 0 2 CC 0 
76218  100  8  0 0 0 0 9C 1 FF 0 
76219  638  8  4D 4B 48 A 0 0 0 1 
76220  639  8  11 A0 F 0 0 0 0 0 
76228  101  8  0 FF 1 0 0 0 0 0 
76238  102  8  1 93 1 0 0 2 CC 0 
76318  100  8  0 0 0 0 9C 1 FF 0 
76319  638  8  4D 4B 48 A 0 0 0 0 
76320  639  8  11 A0 F 0 0 0 0 0 
76328  101  8  0 FF 1 0 0 0 0 0 
76339  102  8  1 93 1 0 0 2 CC 0 
76418  100  8  0 0 0 0 9C 1 FF 0 
76419  638  8  4D 4B 48 A 0 0 0 1 
76420  639  8  11 A0 F 0 0 0 0 0 
76428  101  8  0 FF 1 0 0 0 0 0 
76439  102  8  1 93 1 0 0 2 CC 0 
76518  100  8  0 0 0 0 9C 1 FF 0 
76519  638  8  4D 4B 48 A 0 0 0 0 
76520  639  8  11 A0 F 0 0 0 0 0 
76528  101  8  0 FF 1 0 0 0 0 0 
76538  102  8  1 93 1 0 0 2 CC 0 
76618  100  8  0 0 0 0 9C 1 FF 0 
76619  638  8  4D 4B 48 A 0 0 0 1 
76620  639  8  11 A0 F 0 0 0 0 0 
76628  101  8  0 FF 1 0 0 0 0 0 
76638  102  8  1 93 1 0 0 2 CC 0 
76718  100  8  0 0 0 0 9C 1 FF 0 
76719  638  8  4D 4B 48 A 0 0 0 0 
76720  639  8  11 A0 F 0 0 0 0 0 
76728  101  8  0 FF 1 0 0 0 0 0 
76739  102  8  1 93 1 0 0 2 CC 0 
76818  100  8  0 0 0 0 9C 1 FF 0 
76819  638  8  4D 4B 48 A 0 0 0 1 
76820  639  8  11 A0 F 0 0 0 0 0 
76828  101  8  0 FF 1 0 0 0 0 0 
76839  102  8  1 93 1 0 0 2 CC 0 
76918  100  8  0 0 0 0 9C 1 FF 0 
76919  638  8  4D 4B 48 A 0 0 0 0 
76920  639  8  11 A0 F 0 0 0 0 0 
76928  101  8  0 FF 1 0 0 0 0 0 
76938  102  8  1 93 1 0 0 2 CC 0 
77018  100  8  0 0 0 0 9C 1 FF 0 
77019  638  8  4D 4B 48 A 0 0 0 1 
77020  639  8  11 A0 F 0 0 0 0 0 
77028  101  8  0 FF 1 0 0 0 0 0 
77038  102  8  1 93 1 0 0 2 CC 0 
77118  100  8  0 0 0 0 9C 1 FF 0 
77119  638  8  4D 4B 48 A 0 0 0 0 
77120  639  8  11 A0 F 0 0 0 0 0 
77128  101  8  0 FF 1 0 0 0 0 0 
77139  102  8  1 93 1 0 0 2 CC 0 
77218  100  8  0 0 0 0 9C 1 FF 0 
77219  638  8  4D 4B 48 A 0 0 0 1 
77220  639  8  11 A0 F 0 0 0 0 0 
77228  101  8  0 FF 1 0 0 0 0 0 
77239  102  8  1 93 1 0 0 2 CC 0 
77318  100  8  0 0 0 0 9C 1 FF 0 
77319  638  8  4D 4B 48 A 0 0 0 0 
77320  639  8  11 A0 F 0 0 0 0 0 
77328  101  8  0 FF 1 0 0 0 0 0 
77338  102  8  1 93 1 0 0 2 CC 0 
77418  100  8  0 0 0 0 9C 1 FF 0 
77419  638  8  4D 4B 48 A 0 0 0 1 
77420  639  8  11 A0 F 0 0 0 0 0 
77428  101  8  0 FF 1 0 0 0 0 0 
77438  102  8  1 93 1 0 0 2 CC 0 
77518  100  8  0 0 0 0 9C 1 FF 0 
77519  638  8  4D 4B 48 A 0 0 0 0 
77520  639  8  11 A0 F 0 0 0 0 0 
77528  101  8  0 FF 1 0 0 0 0 0 
77539  102  8  1 93 1 0 0 2 CC 0 
77618  100  8  0 0 0 0 9C 1 FF 0 
77619  638  8  4D 4B 48 A 0 0 0 1 
77620  639  8  11 A0 F 0 0 0 0 0 
77628  101  8  0 FF 1 0 0 0 0 0 
77639  102  8  1 93 1 0 0 2 CC 0 
77718  100  8  0 0 0 0 9C 1 FF 0 
77719  638  8  4D 4B 48 A 0 0 0 0 
77720  639  8  11 A0 F 0 0 0 0 0 
77728  101  8  0 FF 1 0 0 0 0 0 
77738  102  8  1 93 1 0 0 2 CC 0 
77818  100  8  0 0 0 0 9C 1 FF 0 
77819  638  8  4D 4B 48 A 0 0 0 1 
77820  639  8  11 A0 F 0 0 0 0 0 
77828  101  8  0 FF 1 0 0 0 0 0 
77838  102  8  1 93 1 0 0 2 CC 0 
77918  100  8  0 0 0 0 9C 1 FF 0 
77919  638  8  4D 4B 48 A 0 0 0 0 
77920  639  8  11 A0 F 0 0 0 0 0 
77928  101  8  0 FF 1 0 0 0 0 0 
77939  102  8  1 93 1 0 0 2 CC 0 
78018  100  8  0 0 0 0 9C 1 FF 0 
78019  638  8  4D 4B 48 A 0 0 0 1 
78020  639  8  11 A0 F 0 0 0 0 0 
78028  101  8  0 FF 1 0 0 0 0 0 
78039  102  8  1 93 1 0 0 2 CC 0 
78118  100  8  0 0 0 0 9C 1 FF 0 
78119  638  8  4D 4B 48 A 0 0 0 0 
78120  639  8  11 A0 F 0 0 0 0 0 
78128  101  8  0 FF 1 0 0 0 0 0 
78138  102  8  1 93 1 0 0 2 CC 0 
78218  100  8  0 0 0 0 9C 1 FF 0 
78219  638  8  4D 4B 48 A 0 0 0 1 
78220  639  8  11 A0 F 0 0 0 0 0 
78228  101  8  0 FF 1 0 0 0 0 0 
78238  102  8  1 93 1 0 0 2 CC 0 
78318  100  8  0 0 0 0 9C 1 FF 0 
78319  638  8  4D 4B 48 A 0 0 0 0 
78320  639  8  11 A0 F 0 0 0 0 0 
78328  101  8  0 FF 1 0 0 0 0 0 
78339  102  8  1 93 1 0 0 2 CC 0 
78418  100  8  0 0 0 0 9C 1 FF 0 
78419  638  8  4D 4B 48 A 0 0 0 1 
78420  639  8  11 A0 F 0 0 0 0 0 
78428  101  8  0 FF 1 0 0 0 0 0 
78439  102  8  1 93 1 0 0 2 CC 0 
78518  100  8  0 0 0 0 9C 1 FF 0 
78519  638  8  4D 4B 48 A 0 0 0 0 
78520  639  8  11 A0 F 0 0 0 0 0 
78528  101  8  0 FF 1 0 0 0 0 0 
78538  102  8  1 93 1 0 0 2 CC 0 
78618  100  8  0 0 0 0 9C 1 FF 0 
78619  638  8  4D 4B 48 A 0 0 0 1 
78620  639  8  11 A0 F 0 0 0 0 0 
78628  101  8  0 FF 1 0 0 0 0 0 
78638  102  8  1 93 1 0 0 2 CC 0 
78718  100  8  0 0 0 0 9C 1 FF 0 
78719  638  8  4D 4B 48 A 0 0 0 0 
78720  639  8  11 A0 F 0 0 0 0 0 
78728  101  8  0 FF 1 0 0 0 0 0 
78739  102  8  1 93 1 0 0 2 CC 0 
78818  100  8  0 0 0 0 9C 1 FF 0 
78819  638  8  4D 4B 48 A 0 0 0 1 
78820  639  8  11 A0 F 0 0 0 0 0 
78828  101  8  0 FF 1 0 0 0 0 0 
78839  102  8  1 93 1 0 0 2 CC 0 
78918  100  8  0 0 0 0 9C 1 FF 0 
78919  638  8  4D 4B 48 A 0 0 0 0 
78920  639  8  11 A0 F 0 0 0 0 0 
78928  101  8  0 FF 1 0 0 0 0 0 
78938  102  8  1 93 1 0 0 2 CC 0 
79018  100  8  0 0 0 0 9C 1 FF 0 
79019  638  8  4D 4B 48 A 0 0 0 1 
79020  639  8  11 A0 F 0 0 0 0 0 
79028  101  8  0 FF 1 0 0 0 0 0 
79038  102  8  1 93 1 0 0 2 CC 0 
79118  100  8  0 0 0 0 9C 1 FF 0 
79119  638  8  4D 4B 48 A 0 0 0 0 
79120  639  8  11 A0 F 0 0 0 0 0 
79128  101  8  0 FF 1 0 0 0 0 0 
79139  102  8  1 93 1 0 0 2 CC 0 
79218  100  8  0 0 0 0 9C 1 FF 0 
79219  638  8  4D 4B 48 A 0 0 0 1 
79220  639  8  11 A0 F 0 0 0 0 0 
79228  101  8  0 FF 1 0 0 0 0 0 
79239  102  8  1 93 1 0 0 2 CC 0 
79318  100  8  0 0 0 0 9C 1 FF 0 
79319  638  8  4D 4B 48 A 0 0 0 0 
79320  639  8  11 A0 F 0 0 0 0 0 
79328  101  8  0 FF 1 0 0 0 0 0 
79338  102  8  1 93 1 0 0 2 CC 0 
79418  100  8  0 0 0 0 9C 1 FF 0 
79419  638  8  4D 4B 48 A 0 0 0 1 
79420  639  8  11 A0 F 0 0 0 0 0 
79428  101  8  0 FF 1 0 0 0 0 0 
79438  102  8  1 93 1 0 0 2 CC 0 
79518  100  8  0 0 0 0 9C 1 FF 0 
79519  638  8  4D 4B 48 A 0 0 0 0 
79520  639  8  11 A0 F 0 0 0 0 0 
79528  101  8  0 FF 1 0 0 0 0 0 
79539  102  8  1 93 1 0 0 2 CC 0 
79618  100  8  0 0 0 0 9C 1 FF 0 
79619  638  8  4D 4B 48 A 0 0 0 1 
79620  639  8  11 A0 F 0 0 0 0 0 
79628  101  8  0 FF 1 0 0 0 0 0 
79639  102  8  1 93 1 0 0 2 CC 0 
79718  100  8  0 0 0 0 9C 1 FF 0 
79719  638  8  4D 4B 48 A 0 0 0 0 
79720  639  8  11 A0 F 0 0 0 0 0 
79728  101  8  0 FF 1 0 0 0 0 0 
79738  102  8  1 93 1 0 0 2 CC 0 
79818  100  8  0 0 0 0 9C 1 FF 0 
79819  638  8  4D 4B 48 A 0 0 0 1 
79820  639  8  11 A0 F 0 0 0 0 0 
79828  101  8  0 FF 1 0 0 0 0 0 
79838  102  8  1 93 1 0 0 2 CC 0 
79918  100  8  0 0 0 0 9C 1 FF 0 
79919  638  8  4D 4B 48 A 0 0 0 0 
79920  639  8  11 A0 F 0 0 0 0 0 
79928  101  8  0 FF 1 0 0 0 0 0 
79939  102  8  1 93 1 0 0 2 CC 0 
80018  100  8  0 0 0 0 9C 1 FF 0 
80019  638  8  4D 4B 48 A 0 0 0 1 
80020  639  8  11 A0 F 0 0 0 0 0 
80028  101  8  0 FF 1 0 0 0 0 0 
80039  102  8  1 93 1 0 0 2 CC 0 
80118  100  8  0 0 0 0 9C 1 FF 0 
80119  638  8  4D 4B 48 A 0 0 0 0 
80120  639  8  11 A0 F 0 0 0 0 0 
80128  101  8  0 FF 1 0 0 0 0 0 
80138  102  8  1 93 1 0 0 2 CC 0 
80218  100  8  0 0 0 0 9C 1 FF 0 
80219  638  8  4D 4B 48 A 0 0 0 1 
80220  639  8  11 A0 F 0 0 0 0 0 
80228  101  8  0 FF 1 0 0 0 0 0 
80238  102  8  1 93 1 0 0 2 CC 0 
80318  100  8  0 0 0 0 9C 1 FF 0 
80319  638  8  4D 4B 48 A 0 0 0 0 
80320  639  8  11 A0 F 0 0 0 0 0 
80328  101  8  0 FF 1 0 0 0 0 0 
80339  102  8  1 93 1 0 0 2 CC 0 
80418  100  8  0 0 0 0 9C 1 FF 0 
80419  638  8  4D 4B 48 A 0 0 0 1 
80420  639  8  11 A0 F 0 0 0 0 0 
80428  101  8  0 FF 1 0 0 0 0 0 
80439  102  8  1 93 1 0 0 2 CC 0 
80518  100  8  0 0 0 0 9C 1 FF 0 
80519  638  8  4D 4B 48 A 0 0 0 0 
80520  639  8  11 A0 F 0 0 0 0 0 
80528  101  8  0 FF 1 0 0 0 0 0 
80538  102  8  1 93 1 0 0 2 CC 0 
80618  100  8  0 0 0 0 9C 1 FF 0 
80619  638  8  4D 4B 48 A 0 0 0 1 
80620  639  8  11 A0 F 0 0 0 0 0 
80628  101  8  0 FF 1 0 0 0 0 0 
80638  102  8  1 93 1 0 0 2 CC 0 
80718  100  8  0 0 0 0 9C 1 FF 0 
80719  638  8  4D 4B 48 A 0 0 0 0 
80720  639  8  11 A0 F 0 0 0 0 0 
80728  101  8  0 FF 1 0 0 0 0 0 
80739  102  8  1 93 1 0 0 2 CC 0 
80818  100  8  0 0 0 0 9C 1 FF 0 
80819  638  8  4D 4B 48 A 0 0 0 1 
80820  639  8  11 A0 F 0 0 0 0 0 
80828  101  8  0 FF 1 0 0 0 0 0 
80839  102  8  1 93 1 0 0 2 CC 0 
80918  100  8  0 0 0 0 9C 1 FF 0 
80919  638  8  4D 4B 48 A 0 0 0 0 
80920  639  8  11 A0 F 0 0 0 0 0 
80928  101  8  0 FF 1 0 0 0 0 0 
80938  102  8  1 93 1 0 0 2 CC 0 
81018  100  8  0 0 0 0 9C 1 FF 0 
81019  638  8  4D 4B 48 A 0 0 0 1 
81020  639  8  11 A0 F 0 0 0 0 0 
81028  101  8  0 FF 1 0 0 0 0 0 
81038  102  8  1 93 1 0 0 2 CC 0 
81118  100  8  0 0 0 0 9C 1 FF 0 
81119  638  8  4D 4B 48 A 0 0 0 0 
81120  639  8  11 A0 F 0 0 0 0 0 
81128  101  8  0 FF 1 0 0 0 0 0 
81139  102  8  1 93 1 0 0 2 CC 0 
81218  100  8  0 0 0 0 9C 1 FF 0 
81219  638  8  4D 4B 48 A 0 0 0 1 
81220  639  8  11 A0 F 0 0 0 0 0 
81228  101  8  0 FF 1 0 0 0 0 0 
81239  102  8  1 93 1 0 0 2 CC 0 
81318  100  8  0 0 0 0 9C 1 FF 0 
81319  638  8  4D 4B 48 A 0 0 0 0 
81320  639  8  11 A0 F 0 0 0 0 0 
81328  101  8  0 FF 1 0 0 0 0 0 
81338  102  8  1 93 1 0 0 2 CC 0 
81418  100  8  0 0 0 0 9C 1 FF 0 
81419  638  8  4D 4B 48 A 0 0 0 1 
81420  639  8  11 A0 F 0 0 0 0 0 
81428  101  8  0 FF 1 0 0 0 0 0 
81438  102  8  1 93 1 0 0 2 CC 0 
81518  100  8  0 0 0 0 9C 1 FF 0 
81519  638  8  4D 4B 48 A 0 0 0 0 
81520  639  8  11 A0 F 0 0 0 0 0 
81528  101  8  0 FF 1 0 0 0 0 0 
81539  102  8  1 93 1 0 0 2 CC 0 
81618  100  8  0 0 0 0 9C 1 FF 0 
81619  638  8  4D 4B 48 A 0 0 0 1 
81620  639  8  11 A0 F 0 0 0 0 0 
81628  101  8  0 FF 1 0 0 0 0 0 
81639  102  8  1 93 1 0 0 2 CC 0 
81718  100  8  0 0 0 0 9C 1 FF 0 
81719  638  8  4D 4B 48 A 0 0 0 0 
81720  639  8  11 A0 F 0 0 0 0 0 
81728  101  8  0 FF 1 0 0 0 0 0 
81738  102  8  1 93 1 0 0 2 CC 0 
81818  100  8  0 0 0 0 9C 1 FF 0 
81819  638  8  4D 4B 48 A 0 0 0 1 
81820  639  8  11 A0 F 0 0 0 0 0 
81828  101  8  0 FF 1 0 0 0 0 0 
81838  102  8  1 93 1 0 0 2 CC 0 
81918  100  8  0 0 0 0 9C 1 FF 0 
81919  638  8  4D 4B 48 A 0 0 0 0 
81920  639  8  11 A0 F 0 0 0 0 0 
81928  101  8  0 FF 1 0 0 0 0 0 
81939  102  8  1 93 1 0 0 2 CC 0 
82018  100  8  0 0 0 0 9C 1 FF 0 
82019  638  8  4D 4B 48 A 0 0 0 1 
82020  639  8  11 A0 F 0 0 0 0 0 
82028  101  8  0 FF 1 0 0 0 0 0 
82039  102  8  1 93 1 0 0 2 CC 0 
82118  100  8  0 0 0 0 9C 1 FF 0 
82119  638  8  4D 4B 48 A 0 0 0 0 
82120  639  8  11 A0 F 0 0 0 0 0 
82128  101  8  0 FF 1 0 0 0 0 0 
82138  102  8  1 93 1 0 0 2 CC 0 
82218  100  8  0 0 0 0 9C 1 FF 0 
82219  638  8  4D 4B 48 A 0 0 0 1 
82220  639  8  11 A0 F 0 0 0 0 0 
82228  101  8  0 FF 1 0 0 0 0 0 
82238  102  8  1 93 1 0 0 2 CC 0 
82318  100  8  0 0 0 0 9C 1 FF 0 
82319  638  8  4D 4B 48 A 0 0 0 0 
82320  639  8  11 A0 F 0 0 0 0 0 
82328  101  8  0 FF 1 0 0 0 0 0 
82339  102  8  1 93 1 0 0 2 CC 0 
82418  100  8  0 0 0 0 9C 1 FF 0 
82419  638  8  4D 4B 48 A 0 0 0 1 
82420  639  8  11 A0 F 0 0 0 0 0 
82428  101  8  0 FF 1 0 0 0 0 0 
82439  102  8  1 93 1 0 0 2 CC 0 
82518  100  8  0 0 0 0 9C 1 FF 0 
82519  638  8  4D 4B 48 A 0 0 0 0 
82520  639  8  11 A0 F 0 0 0 0 0 
82528  101  8  0 FF 1 0 0 0 0 0 
82538  102  8  1 93 1 0 0 2 CC 0 
82618  100  8  0 0 0 0 9C 1 FF 0 
82619  638  8  4D 4B 48 A 0 0 0 1 
82620  639  8  11 A0 F 0 0 0 0 0 
82628  101  8  0 FF 1 0 0 0 0 0 
82638  102  8  1 93 1 0 0 2 CC 0 
82718  100  8  0 0 0 0 9C 1 FF 0 
82719  638  8  4D 4B 48 A 0 0 0 0 
82720  639  8  11 A0 F 0 0 0 0 0 
82728  101  8  0 FF 1 0 0 0 0 0 
82739  102  8  1 93 1 0 0 2 CC 0 
82818  100  8  0 0 0 0 9C 1 FF 0 
82819  638  8  4D 4B 48 A 0 0 0 1 
82820  639  8  11 A0 F 0 0 0 0 0 
82828  101  8  0 FF 1 0 0 0 0 0 
82839  102  8  1 93 1 0 0 2 CC 0 
82918  100  8  0 0 0 0 9C 1 FF 0 
82919  638  8  4D 4B 48 A 0 0 0 0 
82920  639  8  11 A0 F 0 0 0 0 0 
82928  101  8  0 FF 1 0 0 0 0 0 
82938  102  8  1 93 1 0 0 2 CC 0 
83018  100  8  0 0 0 0 9C 1 FF 0 
83019  638  8  4D 4B 48 A 0 0 0 1 
83020  639  8  11 A0 F 0 0 0 0 0 
83028  101  8  0 FF 1 0 0 0 0 0 
83038  102  8  1 93 1 0 0 2 CC 0 
83118  100  8  0 0 0 0 9C 1 FF 0 
83119  638  8  4D 4B 48 A 0 0 0 0 
83120  639  8  11 A0 F 0 0 0 0 0 
83128  101  8  0 FF 1 0 0 0 0 0 
83139  102  8  1 93 1 0 0 2 CC 0 
83218  100  8  0 0 0 0 9C 1 FF 0 
83219  638  8  4D 4B 48 A 0 0 0 1 
83220  639  8  11 A0 F 0 0 0 0 0 
83228  101  8  0 FF 1 0 0 0 0 0 
83239  102  8  1 93 1 0 0 2 CC 0 
83318  100  8  0 0 0 0 9C 1 FF 0 
83319  638  8  4D 4B 48 A 0 0 0 0 
83320  639  8  11 A0 F 0 0 0 0 0 
83328  101  8  0 FF 1 0 0 0 0 0 
83338  102  8  1 93 1 0 0 2 CC 0 
83418  100  8  0 0 0 0 9C 1 FF 0 
83419  638  8  4D 4B 48 A 0 0 0 1 
83420  639  8  11 A0 F 0 0 0 0 0 
83428  101  8  0 FF 1 0 0 0 0 0 
83438  102  8  1 93 1 0 0 2 CC 0 
83518  100  8  0 0 0 0 9C 1 FF 0 
83519  638  8  4D 4B 48 A 0 0 0 0 
83520  639  8  11 A0 F 0 0 0 0 0 
83528  101  8  0 FF 1 0 0 0 0 0 
83539  102  8  1 93 1 0 0 2 CC 0 
83618  100  8  0 0 0 0 9C 1 FF 0 
83619  638  8  4D 4B 48 A 0 0 0 1 
83620  639  8  11 A0 F 0 0 0 0 0 
83628  101  8  0 FF 1 0 0 0 0 0 
83639  102  8  1 93 1 0 0 2 CC 0 
83718  100  8  0 0 0 0 9C 1 FF 0 
83719  638  8  4D 4B 48 A 0 0 0 0 
83720  639  8  11 A0 F 0 0 0 0 0 
83728  101  8  0 FF 1 0 0 0 0 0 
83738  102  8  1 93 1 0 0 2 CC 0 
83818  100  8  0 0 0 0 9C 1 FF 0 
83819  638  8  4D 4B 48 A 0 0 0 1 
83820  639  8  11 A0 F 0 0 0 0 0 
83828  101  8  0 FF 1 0 0 0 0 0 
83838  102  8  1 93 1 0 0 2 CC 0 
83918  100  8  0 0 0 0 9C 1 FF 0 
83919  638  8  4D 4B 48 A 0 0 0 0 
83920  639  8  11 A0 F 0 0 0 0 0 
83928  101  8  0 FF 1 0 0 0 0 0 
83939  102  8  1 93 1 0 0 2 CC 0 
84018  100  8  0 0 0 0 9C 1 FF 0 
84019  638  8  4D 4B 48 A 0 0 0 1 
84020  639  8  11 A0 F 0 0 0 0 0 
84028  101  8  0 FF 1 0 0 0 0 0 
84039  102  8  1 93 1 0 0 2 CC 0 
84118  100  8  0 0 0 0 9C 1 FF 0 
84119  638  8  4D 4B 48 A 0 0 0 0 
84120  639  8  11 A0 F 0 0 0 0 0 
84128  101  8  0 FF 1 0 0 0 0 0 
84138  102  8  1 93 1 0 0 2 CC 0 
84218  100  8  0 0 0 0 9C 1 FF 0 
84219  638  8  4D 4B 48 A 0 0 0 1 
84220  639  8  11 A0 F 0 0 0 0 0 
84228  101  8  0 FF 1 0 0 0 0 0 
84238  102  8  1 93 1 0 0 2 CC 0 
84318  100  8  0 0 0 0 9C 1 FF 0 
84319  638  8  4D 4B 48 A 0 0 0 0 
84320  639  8  11 A0 F 0 0 0 0 0 
84328  101  8  0 FF 1 0 0 0 0 0 
84339  102  8  1 93 1 0 0 2 CC 0 
84418  100  8  0 0 0 0 9C 1 FF 0 
84419  638  8  4D 4B 48 A 0 0 0 1 
84420  639  8  11 A0 F 0 0 0 0 0 
84428  101  8  0 FF 1 0 0 0 0 0 
84439  102  8  1 93 1 0 0 2 CC 0 
84518  100  8  0 0 0 0 9C 1 FF 0 
84519  638  8  4D 4B 48 A 0 0 0 0 
84520  639  8  11 A0 F 0 0 0 0 0 
84528  101  8  0 FF 1 0 0 0 0 0 
84538  102  8  1 93 1 0 0 2 CC 0 
84618  100  8  0 0 0 0 9C 1 FF 0 
84619  638  8  4D 4B 48 A 0 0 0 1 
84620  639  8  11 A0 F 0 0 0 0 0 
84628  101  8  0 FF 1 0 0 0 0 0 
84638  102  8  1 93 1 0 0 2 CC 0 
84718  100  8  0 0 0 0 9C 1 FF 0 
84719  638  8  4D 4B 48 A 0 0 0 0 
84720  639  8  11 A0 F 0 0 0 0 0 
84728  101  8  0 FF 1 0 0 0 0 0 
84739  102  8  1 93 1 0 0 2 CC 0 
84818  100  8  0 0 0 0 9C 1 FF 0 
84819  638  8  4D 4B 48 A 0 0 0 1 
84820  639  8  11 A0 F 0 0 0 0 0 
84828  101  8  0 FF 1 0 0 0 0 0 
84839  102  8  1 93 1 0 0 2 CC 0 
84918  100  8  0 0 0 0 9C 1 FF 0 
84919  638  8  4D 4B 48 A 0 0 0 0 
84920  639  8  11 A0 F 0 0 0 0 0 
84928  101  8  0 FF 1 0 0 0 0 0 
84938  102  8  1 93 1 0 0 2 CC 0 
85018  100  8  0 0 0 0 9C 1 FF 0 
85019  638  8  4D 4B 48 A 0 0 0 1 
85020  639  8  11 A0 F 0 0 0 0 0 
85028  101  8  0 FF 1 0 0 0 0 0 
85038  102  8  1 93 1 0 0 2 CC 0 
85118  100  8  0 0 0 0 9C 1 FF 0 
85119  638  8  4D 4B 48 A 0 0 0 0 
85120  639  8  11 A0 F 0 0 0 0 0 
85128  101  8  0 FF 1 0 0 0 0 0 
85139  102  8  1 93 1 0 0 2 CC 0 
85218  100  8  0 0 0 0 9C 1 FF 0 
85219  638  8  4D 4B 48 A 0 0 0 1 
85220  639  8  11 A0 F 0 0 0 0 0 
85228  101  8  0 FF 1 0 0 0 0 0 
85239  102  8  1 93 1 0 0 2 CC 0 
85318  100  8  0 0 0 0 9C 1 FF 0 
85319  638  8  4D 4B 48 A 0 0 0 0 
85320  639  8  11 A0 F 0 0 0 0 0 
85328  101  8  0 FF 1 0 0 0 0 0 
85338  102  8  1 93 1 0 0 2 CC 0 
85418  100  8  0 0 0 0 9C 1 FF 0 
85419  638  8  4D 4B 48 A 0 0 0 1 
85420  639  8  11 A0 F 0 0 0 0 0 
85428  101  8  0 FF 1 0 0 0 0 0 
85438  102  8  1 93 1 0 0 2 CC 0 
85518  100  8  0 0 0 0 9C 1 FF 0 
85519  638  8  4D 4B 48 A 0 0 0 0 
85520  639  8  11 A0 F 0 0 0 0 0 
85528  101  8  0 FF 1 0 0 0 0 0 
85539  102  8  1 93 1 0 0 2 CC 0 
85618  100  8  0 0 0 0 9C 1 FF 0 
85619  638  8  4D 4B 48 A 0 0 0 1 
85620  639  8  11 A0 F 0 0 0 0 0 
85628  101  8  0 FF 1 0 0 0 0 0 
85639  102  8  1 93 1 0 0 2 CC 0 
85718  100  8  0 0 0 0 9C 1 FF 0 
85719  638  8  4D 4B 48 A 0 0 0 0 
85720  639  8  11 A0 F 0 0 0 0 0 
85728  101  8  0 FF 1 0 0 0 0 0 
85738  102  8  1 93 1 0 0 2 CC 0 
85818  100  8  0 0 0 0 9C 1 FF 0 
85819  638  8  4D 4B 48 A 0 0 0 1 
85820  639  8  11 A0 F 0 0 0 0 0 
85828  101  8  0 FF 1 0 0 0 0 0 
85838  102  8  1 93 1 0 0 2 CC 0 
85918  100  8  0 0 0 0 9C 1 FF 0 
85919  638  8  4D 4B 48 A 0 0 0 0 
85920  639  8  11 A0 F 0 0 0 0 0 
85928  101  8  0 FF 1 0 0 0 0 0 
85939  102  8  1 93 1 0 0 2 CC 0 
86018  100  8  0 0 0 0 9C 1 FF 0 
86019  638  8  4D 4B 48 A 0 0 0 1 
86020  639  8  11 A0 F 0 0 0 0 0 
86028  101  8  0 FF 1 0 0 0 0 0 
86039  102  8  1 93 1 0 0 2 CC 0 
86118  100  8  0 0 0 0 9C 1 FF 0 
86119  638  8  4D 4B 48 A 0 0 0 0 
86120  639  8  11 A0 F 0 0 0 0 0 
86128  101  8  0 FF 1 0 0 0 0 0 
86138  102  8  1 93 1 0 0 2 CC 0 
86218  100  8  0 0 0 0 9C 1 FF 0 
86219  638  8  4D 4B 48 A 0 0 0 1 
86220  639  8  11 A0 F 0 0 0 0 0 
86228  101  8  0 FF 1 0 0 0 0 0 
86238  102  8  1 93 1 0 0 2 CC 0 
86318  100  8  0 0 0 0 9C 1 FF 0 
86319  638  8  4D 4B 48 A 0 0 0 0 
86320  639  8  11 A0 F 0 0 0 0 0 
86328  101  8  0 FF 1 0 0 0 0 0 
86339  102  8  1 93 1 0 0 2 CC 0 
86418  100  8  0 0 0 0 9C 1 FF 0 
86419  638  8  4D 4B 48 A 0 0 0 1 
86420  639  8  11 A0 F 0 0 0 0 0 
86428  101  8  0 FF 1 0 0 0 0 0 
86439  102  8  1 93 1 0 0 2 CC 0 
86518  100  8  0 0 0 0 9C 1 FF 0 
86519  638  8  4D 4B 48 A 0 0 0 0 
86520  639  8  11 A0 F 0 0 0 0 0 
86528  101  8  0 FF 1 0 0 0 0 0 
86538  102  8  1 93 1 0 0 2 CC 0 
86618  100  8  0 0 0 0 9C 1 FF 0 
86619  638  8  4D 4B 48 A 0 0 0 1 
86620  639  8  11 A0 F 0 0 0 0 0 
86628  101  8  0 FF 1 0 0 0 0 0 
86638  102  8  1 93 1 0 0 2 CC 0 
86718  100  8  0 0 0 0 9C 1 FF 0 
86719  638  8  4D 4B 48 A 0 0 0 0 
86720  639  8  11 A0 F 0 0 0 0 0 
86728  101  8  0 FF 1 0 0 0 0 0 
86739  102  8  1 93 1 0 0 2 CC 0 
86818  100  8  0 0 0 0 9C 1 FF 0 
86819  638  8  4D 4B 48 A 0 0 0 1 
86820  639  8  11 A0 F 0 0 0 0 0 
86828  101  8  0 FF 1 0 0 0 0 0 
86838  102  8  1 93 1 0 0 2 CC 0 
86918  100  8  0 0 0 0 9C 1 FF 0 
86919  638  8  4D 4B 48 A 0 0 0 0 
86920  639  8  11 A0 F 0 0 0 0 0 
86928  101  8  0 FF 1 0 0 0 0 0 
86938  102  8  1 93 1 0 0 2 CC 0 
87018  100  8  0 0 0 0 9C 1 FF 0 
87019  638  8  4D 4B 48 A 0 0 0 1 
87020  639  8  11 A0 F 0 0 0 0 0 
87028  101  8  0 FF 1 0 0 0 0 0 
87038  102  8  1 93 1 0 0 2 CC 0 
87118  100  8  0 0 0 0 9C 1 FF 0 
87119  638  8  4D 4B 48 A 0 0 0 0 
87120  639  8  11 A0 F 0 0 0 0 0 
87128  101  8  0 FF 1 0 0 0 0 0 
87138  102  8  1 93 1 0 0 2 CC 0 
87218  100  8  0 0 0 0 9C 1 FF 0 
87219  638  8  4D 4B 48 A 0 0 0 1 
87220  639  8  11 A0 F 0 0 0 0 0 
87228  101  8  0 FF 1 0 0 0 0 0 
87238  102  8  1 93 1 0 0 2 CC 0 
87318  100  8  0 0 0 0 9C 1 FF 0 
87319  638  8  4D 4B 48 A 0 0 0 0 
87320  639  8  11 A0 F 0 0 0 0 0 
87328  101  8  0 FF 1 0 0 0 0 0 
87338  102  8  1 93 1 0 0 2 CC 0 
87418  100  8  0 0 0 0 9C 1 FF 0 
87419  638  8  4D 4B 48 A 0 0 0 1 
87420  639  8  11 A0 F 0 0 0 0 0 
87428  101  8  0 FF 1 0 0 0 0 0 
87438  102  8  1 93 1 0 0 2 CC 0 
87518  100  8  0 0 0 0 9C 1 FF 0 
87519  638  8  4D 4B 48 A 0 0 0 0 
87520  639  8  11 A0 F 0 0 0 0 0 
87527  101  8  0 FF 1 0 0 0 0 0 
87538  102  8  1 93 1 0 0 2 CC 0 
87618  100  8  0 0 0 0 9C 1 FF 0 
87619  638  8  4D 4B 48 A 0 0 0 1 
87620  639  8  11 A0 F 0 0 0 0 0 
87627  101  8  0 FF 1 0 0 0 0 0 
87638  102  8  1 93 1 0 0 2 CC 0 
87718  100  8  0 0 0 0 9C 1 FF 0 
87719  638  8  4D 4B 48 A 0 0 0 0 
87720  639  8  11 A0 F 0 0 0 0 0 
87728  101  8  0 FF 1 0 0 0 0 0 
87738  102  8  1 93 1 0 0 2 CC 0 
87818  100  8  0 0 0 0 9C 1 FF 0 
87819  638  8  4D 4B 48 A 0 0 0 1 
87820  639  8  11 A0 F 0 0 0 0 0 
87828  101  8  0 FF 1 0 0 0 0 0 
87838  102  8  1 93 1 0 0 2 CC 0 
87918  100  8  0 0 0 0 9C 1 FF 0 
87919  638  8  4D 4B 48 A 0 0 0 0 
87920  639  8  11 A0 F 0 0 0 0 0 
87927  101  8  0 FF 1 0 0 0 0 0 
87938  102  8  1 93 1 0 0 2 CC 0 
88018  100  8  0 0 0 0 9C 1 FF 0 
88019  638  8  4D 4B 48 A 0 0 0 1 
88020  639  8  11 A0 F 0 0 0 0 0 
88027  101  8  0 FF 1 0 0 0 0 0 
88038  102  8  1 93 1 0 0 2 CC 0 
88118  100  8  0 0 0 0 9C 1 FF 0 
88119  638  8  4D 4B 48 A 0 0 0 0 
88120  639  8  11 A0 F 0 0 0 0 0 
88128  101  8  0 FF 1 0 0 0 0 0 
88138  102  8  1 93 1 0 0 2 CC 0 
88218  100  8  0 0 0 0 9C 1 FF 0 
88219  638  8  4D 4B 48 A 0 0 0 1 
88220  639  8  11 A0 F 0 0 0 0 0 
88228  101  8  0 FF 1 0 0 0 0 0 
88238  102  8  1 93 1 0 0 2 CC 0 
88318  100  8  0 0 0 0 9C 1 FF 0 
88319  638  8  4D 4B 48 A 0 0 0 0 
88320  639  8  11 A0 F 0 0 0 0 0 
88327  101  8  0 FF 1 0 0 0 0 0 
88338  102  8  1 93 1 0 0 2 CC 0 
88418  100  8  0 0 0 0 9C 1 FF 0 
88419  638  8  4D 4B 48 A 0 0 0 1 
88420  639  8  11 A0 F 0 0 0 0 0 
88427  101  8  0 FF 1 0 0 0 0 0 
88438  102  8  1 93 1 0 0 2 CC 0 
88518  100  8  0 0 0 0 9C 1 FF 0 
88519  638  8  4D 4B 48 A 0 0 0 0 
88520  639  8  11 A0 F 0 0 0 0 0 
88528  101  8  0 FF 1 0 0 0 0 0 
88538  102  8  1 93 1 0 0 2 CC 0 
88618  100  8  0 0 0 0 9C 1 FF 0 
88619  638  8  4D 4B 48 A 0 0 0 1 
88620  639  8  11 A0 F 0 0 0 0 0 
88628  101  8  0 FF 1 0 0 0 0 0 
88638  102  8  1 93 1 0 0 2 CC 0 
88718  100  8  0 0 0 0 9C 1 FF 0 
88719  638  8  4D 4B 48 A 0 0 0 0 
88720  639  8  11 A0 F 0 0 0 0 0 
88727  101  8  0 FF 1 0 0 0 0 0 
88738  102  8  1 93 1 0 0 2 CC 0 
88818  100  8  0 0 0 0 9C 1 FF 0 
88819  638  8  4D 4B 48 A 0 0 0 1 
88820  639  8  11 A0 F 0 0 0 0 0 
88827  101  8  0 FF 1 0 0 0 0 0 
88838  102  8  1 93 1 0 0 2 CC 0 
88918  100  8  0 0 0 0 9C 1 FF 0 
88919  638  8  4D 4B 48 A 0 0 0 0 
88920  639  8  11 A0 F 0 0 0 0 0 
88928  101  8  0 FF 1 0 0 0 0 0 
88938  102  8  1 93 1 0 0 2 CC 0 
89018  100  8  0 0 0 0 9C 1 FF 0 
89019  638  8  4D 4B 48 A 0 0 0 1 
89020  639  8  11 A0 F 0 0 0 0 0 
89028  101  8  0 FF 1 0 0 0 0 0 
89038  102  8  1 93 1 0 0 2 CC 0 
89118  100  8  0 0 0 0 9C 1 FF 0 
89119  638  8  4D 4B 48 A 0 0 0 0 
89120  639  8  11 A0 F 0 0 0 0 0 
89127  101  8  0 FF 1 0 0 0 0 0 
89138  102  8  1 93 1 0 0 2 CC 0 
89218  100  8  0 0 0 0 9C 1 FF 0 
89219  638  8  4D 4B 48 A 0 0 0 1 
89220  639  8  11 A0 F 0 0 0 0 0 
89227  101  8  0 FF 1 0 0 0 0 0 
89238  102  8  1 93 1 0 0 2 CC 0 
89318  100  8  0 0 0 0 9C 1 FF 0 
89319  638  8  4D 4B 48 A 0 0 0 0 
89320  639  8  11 A0 F 0 0 0 0 0 
89328  101  8  0 FF 1 0 0 0 0 0 
89338  102  8  1 93 1 0 0 2 CC 0 
89418  100  8  0 0 0 0 9C 1 FF 0 
89419  638  8  4D 4B 48 A 0 0 0 1 
89420  639  8  11 A0 F 0 0 0 0 0 
89428  101  8  0 FF 1 0 0 0 0 0 
89438  102  8  1 93 1 0 0 2 CC 0 
89518  100  8  0 0 0 0 9C 1 FF 0 
89519  638  8  4D 4B 48 A 0 0 0 0 
89520  639  8  11 A0 F 0 0 0 0 0 
89527  101  8  0 FF 1 0 0 0 0 0 
89538  102  8  1 93 1 0 0 2 CC 0 
89618  100  8  0 0 0 0 9C 1 FF 0 
89619  638  8  4D 4B 48 A 0 0 0 1 
89620  639  8  11 A0 F 0 0 0 0 0 
89627  101  8  0 FF 1 0 0 0 0 0 
89638  102  8  1 93 1 0 0 2 CC 0 
89718  100  8  0 0 0 0 9C 1 FF 0 
89719  638  8  4D 4B 48 A 0 0 0 0 
89720  639  8  11 A0 F 0 0 0 0 0 
89728  101  8  0 FF 1 0 0 0 0 0 
89738  102  8  1 93 1 0 0 2 CC 0 
89818  100  8  0 0 0 0 9C 1 FF 0 
89819  638  8  4D 4B 48 A 0 0 0 1 
89820  639  8  11 A0 F 0 0 0 0 0 
89828  101  8  0 FF 1 0 0 0 0 0 
89838  102  8  1 93 1 0 0 2 CC 0 
89918  100  8  0 0 0 0 9C 1 FF 0 
89919  638  8  4D 4B 48 A 0 0 0 0 
89920  639  8  11 A0 F 0 0 0 0 0 
89927  101  8  0 FF 1 0 0 0 0 0 
89938  102  8  1 93 1 0 0 2 CC 0 
E (90314) wifi:sta is connecting, return error
90018  100  8  0 0 0 0 9C 1 FF 0 
90019  638  8  4D 4B 48 A 0 0 0 1 
90020  639  8  11 A0 F 0 0 0 0 0 
90027  101  8  0 FF 1 0 0 0 0 0 
90038  102  8  1 93 1 0 0 2 CC 0 
90118  100  8  0 0 0 0 9C 1 FF 0 
90119  638  8  4D 4B 48 A 0 0 0 0 
90120  639  8  11 A0 F 0 0 0 0 0 
90127  101  8  0 FF 1 0 0 0 0 0 
90138  102  8  1 93 1 0 0 2 CC 0 
90218  100  8  0 0 0 0 9C 1 FF 0 
90219  638  8  4D 4B 48 A 0 0 0 1 
90220  639  8  11 A0 F 0 0 0 0 0 
90228  101  8  0 FF 1 0 0 0 0 0 
90238  102  8  1 93 1 0 0 2 CC 0 
90318  100  8  0 0 0 0 9C 1 FF 0 
90319  638  8  4D 4B 48 A 0 0 0 0 
90320  639  8  11 A0 F 0 0 0 0 0 
90327  101  8  0 FF 1 0 0 0 0 0 
90338  102  8  1 93 1 0 0 2 CC 0 
90418  100  8  0 0 0 0 9C 1 FF 0 
90419  638  8  4D 4B 48 A 0 0 0 1 
90420  639  8  11 A0 F 0 0 0 0 0 
90427  101  8  0 FF 1 0 0 0 0 0 
90438  102  8  1 93 1 0 0 2 CC 0 
90518  100  8  0 0 0 0 9C 1 FF 0 
90519  638  8  4D 4B 48 A 0 0 0 0 
90520  639  8  11 A0 F 0 0 0 0 0 
90527  101  8  0 FF 1 0 0 0 0 0 
90538  102  8  1 93 1 0 0 2 CC 0 
90618  100  8  0 0 0 0 9C 1 FF 0 
90619  638  8  4D 4B 48 A 0 0 0 1 
90620  639  8  11 A0 F 0 0 0 0 0 
90628  101  8  0 FF 1 0 0 0 0 0 
90638  102  8  1 93 1 0 0 2 CC 0 
90718  100  8  0 0 0 0 9C 1 FF 0 
90719  638  8  4D 4B 48 A 0 0 0 0 
90720  639  8  11 A0 F 0 0 0 0 0 
90727  101  8  0 FF 1 0 0 0 0 0 
90738  102  8  1 93 1 0 0 2 CC 0 
90818  100  8  0 0 0 0 9C 1 FF 0 
90819  638  8  4D 4B 48 A 0 0 0 1 
90820  639  8  11 A0 F 0 0 0 0 0 
90827  101  8  0 FF 1 0 0 0 0 0 
90838  102  8  1 93 1 0 0 2 CC 0 
90918  100  8  0 0 0 0 9C 1 FF 0 
90919  638  8  4D 4B 48 A 0 0 0 0 
90920  639  8  11 A0 F 0 0 0 0 0 
90927  101  8  0 FF 1 0 0 0 0 0 
90938  102  8  1 93 1 0 0 2 CC 0 
91018  100  8  0 0 0 0 9C 1 FF 0 
91019  638  8  4D 4B 48 A 0 0 0 1 
91020  639  8  11 A0 F 0 0 0 0 0 
91027  101  8  0 FF 1 0 0 0 0 0 
91038  102  8  1 93 1 0 0 2 CC 0 
91118  100  8  0 0 0 0 9C 1 FF 0 
91119  638  8  4D 4B 48 A 0 0 0 0 
91120  639  8  11 A0 F 0 0 0 0 0 
91127  101  8  0 FF 1 0 0 0 0 0 
91138  102  8  1 93 1 0 0 2 CC 0 
91218  100  8  0 0 0 0 9C 1 FF 0 
91219  638  8  4D 4B 48 A 0 0 0 1 
91220  639  8  11 A0 F 0 0 0 0 0 
91227  101  8  0 FF 1 0 0 0 0 0 
91238  102  8  1 93 1 0 0 2 CC 0 
91318  100  8  0 0 0 0 9C 1 FF 0 
91319  638  8  4D 4B 48 A 0 0 0 0 
91320  639  8  11 A0 F 0 0 0 0 0 
91327  101  8  0 FF 1 0 0 0 0 0 
91338  102  8  1 93 1 0 0 2 CC 0 
91418  100  8  0 0 0 0 9C 1 FF 0 
91419  638  8  4D 4B 48 A 0 0 0 1 
91420  639  8  11 A0 F 0 0 0 0 0 
91427  101  8  0 FF 1 0 0 0 0 0 
91438  102  8  1 93 1 0 0 2 CC 0 
91518  100  8  0 0 0 0 9C 1 FF 0 
91519  638  8  4D 4B 48 A 0 0 0 0 
91520  639  8  11 A0 F 0 0 0 0 0 
91527  101  8  0 FF 1 0 0 0 0 0 
91538  102  8  1 93 1 0 0 2 CC 0 
91618  100  8  0 0 0 0 9C 1 FF 0 
91619  638  8  4D 4B 48 A 0 0 0 1 
91620  639  8  11 A0 F 0 0 0 0 0 
91627  101  8  0 FF 1 0 0 0 0 0 
91638  102  8  1 93 1 0 0 2 CC 0 
91718  100  8  0 0 0 0 9C 1 FF 0 
91719  638  8  4D 4B 48 A 0 0 0 0 
91720  639  8  11 A0 F 0 0 0 0 0 
91727  101  8  0 FF 1 0 0 0 0 0 
91738  102  8  1 93 1 0 0 2 CC 0 
91818  100  8  0 0 0 0 9C 1 FF 0 
91819  638  8  4D 4B 48 A 0 0 0 1 
91820  639  8  11 A0 F 0 0 0 0 0 
91827  101  8  0 FF 1 0 0 0 0 0 
91838  102  8  1 93 1 0 0 2 CC 0 
91918  100  8  0 0 0 0 9C 1 FF 0 
91919  638  8  4D 4B 48 A 0 0 0 0 
91920  639  8  11 A0 F 0 0 0 0 0 
91927  101  8  0 FF 1 0 0 0 0 0 
91938  102  8  1 93 1 0 0 2 CC 0 
92018  100  8  0 0 0 0 9C 1 FF 0 
92019  638  8  4D 4B 48 A 0 0 0 1 
92020  639  8  11 A0 F 0 0 0 0 0 
92027  101  8  0 FF 1 0 0 0 0 0 
92038  102  8  1 93 1 0 0 2 CC 0 
92118  100  8  0 0 0 0 9C 1 FF 0 
92119  638  8  4D 4B 48 A 0 0 0 0 
92120  639  8  11 A0 F 0 0 0 0 0 
92127  101  8  0 FF 1 0 0 0 0 0 
92138  102  8  1 93 1 0 0 2 CC 0 
92218  100  8  0 0 0 0 9C 1 FF 0 
92219  638  8  4D 4B 48 A 0 0 0 1 
92220  639  8  11 A0 F 0 0 0 0 0 
92227  101  8  0 FF 1 0 0 0 0 0 
92238  102  8  1 93 1 0 0 2 CC 0 
92318  100  8  0 0 0 0 9C 1 FF 0 
92319  638  8  4D 4B 48 A 0 0 0 0 
92320  639  8  11 A0 F 0 0 0 0 0 
92327  101  8  0 FF 1 0 0 0 0 0 
92338  102  8  1 93 1 0 0 2 CC 0 
92418  100  8  0 0 0 0 9C 1 FF 0 
92419  638  8  4D 4B 48 A 0 0 0 1 
92420  639  8  11 A0 F 0 0 0 0 0 
92427  101  8  0 FF 1 0 0 0 0 0 
92438  102  8  1 93 1 0 0 2 CC 0 
92518  100  8  0 0 0 0 9C 1 FF 0 
92519  638  8  4D 4B 48 A 0 0 0 0 
92520  639  8  11 A0 F 0 0 0 0 0 
92527  101  8  0 FF 1 0 0 0 0 0 
92538  102  8  1 93 1 0 0 2 CC 0 
92618  100  8  0 0 0 0 9C 1 FF 0 
92619  638  8  4D 4B 48 A 0 0 0 1 
92620  639  8  11 A0 F 0 0 0 0 0 
92627  101  8  0 FF 1 0 0 0 0 0 
92638  102  8  1 93 1 0 0 2 CC 0 
92718  100  8  0 0 0 0 9C 1 FF 0 
92719  638  8  4D 4B 48 A 0 0 0 0 
92720  639  8  11 A0 F 0 0 0 0 0 
92727  101  8  0 FF 1 0 0 0 0 0 
92738  102  8  1 93 1 0 0 2 CC 0 
92818  100  8  0 0 0 0 9C 1 FF 0 
92819  638  8  4D 4B 48 A 0 0 0 1 
92820  639  8  11 A0 F 0 0 0 0 0 
92827  101  8  0 FF 1 0 0 0 0 0 
92838  102  8  1 93 1 0 0 2 CC 0 
92918  100  8  0 0 0 0 9C 1 FF 0 
92919  638  8  4D 4B 48 A 0 0 0 0 
92920  639  8  11 A0 F 0 0 0 0 0 
92927  101  8  0 FF 1 0 0 0 0 0 
92938  102  8  1 93 1 0 0 2 CC 0 
93018  100  8  0 0 0 0 9C 1 FF 0 
93019  638  8  4D 4B 48 A 0 0 0 1 
93020  639  8  11 A0 F 0 0 0 0 0 
93027  101  8  0 FF 1 0 0 0 0 0 
93038  102  8  1 93 1 0 0 2 CC 0 
93118  100  8  0 0 0 0 9C 1 FF 0 
93119  638  8  4D 4B 48 A 0 0 0 0 
93120  639  8  11 A0 F 0 0 0 0 0 
93127  101  8  0 FF 1 0 0 0 0 0 
93138  102  8  1 93 1 0 0 2 CC 0 
93218  100  8  0 0 0 0 9C 1 FF 0 
93219  638  8  4D 4B 48 A 0 0 0 1 
93220  639  8  11 A0 F 0 0 0 0 0 
93227  101  8  0 FF 1 0 0 0 0 0 
93238  102  8  1 93 1 0 0 2 CC 0 
93318  100  8  0 0 0 0 9C 1 FF 0 
93319  638  8  4D 4B 48 A 0 0 0 0 
93320  639  8  11 A0 F 0 0 0 0 0 
93327  101  8  0 FF 1 0 0 0 0 0 
93338  102  8  1 93 1 0 0 2 CC 0 
93418  100  8  0 0 0 0 9C 1 FF 0 
93419  638  8  4D 4B 48 A 0 0 0 1 
93420  639  8  11 A0 F 0 0 0 0 0 
93427  101  8  0 FF 1 0 0 0 0 0 
93438  102  8  1 93 1 0 0 2 CC 0 
93518  100  8  0 0 0 0 9C 1 FF 0 
93519  638  8  4D 4B 48 A 0 0 0 0 
93520  639  8  11 A0 F 0 0 0 0 0 
93527  101  8  0 FF 1 0 0 0 0 0 
93538  102  8  1 93 1 0 0 2 CC 0 
93618  100  8  0 0 0 0 9C 1 FF 0 
93619  638  8  4D 4B 48 A 0 0 0 1 
93620  639  8  11 A0 F 0 0 0 0 0 
93627  101  8  0 FF 1 0 0 0 0 0 
93638  102  8  1 93 1 0 0 2 CC 0 
93718  100  8  0 0 0 0 9C 1 FF 0 
93719  638  8  4D 4B 48 A 0 0 0 0 
93720  639  8  11 A0 F 0 0 0 0 0 
93727  101  8  0 FF 1 0 0 0 0 0 
93738  102  8  1 93 1 0 0 2 CC 0 
93818  100  8  0 0 0 0 9C 1 FF 0 
93819  638  8  4D 4B 48 A 0 0 0 1 
93820  639  8  11 A0 F 0 0 0 0 0 
93827  101  8  0 FF 1 0 0 0 0 0 
93838  102  8  1 93 1 0 0 2 CC 0 
93918  100  8  0 0 0 0 9C 1 FF 0 
93919  638  8  4D 4B 48 A 0 0 0 0 
93920  639  8  11 A0 F 0 0 0 0 0 
93927  101  8  0 FF 1 0 0 0 0 0 
93938  102  8  1 93 1 0 0 2 CC 0 
94018  100  8  0 0 0 0 9C 1 FF 0 
94019  638  8  4D 4B 48 A 0 0 0 1 
94020  639  8  11 A0 F 0 0 0 0 0 
94027  101  8  0 FF 1 0 0 0 0 0 
94038  102  8  1 93 1 0 0 2 CC 0 
94118  100  8  0 0 0 0 9C 1 FF 0 
94119  638  8  4D 4B 48 A 0 0 0 0 
94120  639  8  11 A0 F 0 0 0 0 0 
94127  101  8  0 FF 1 0 0 0 0 0 
94138  102  8  1 93 1 0 0 2 CC 0 
94218  100  8  0 0 0 0 9C 1 FF 0 
94219  638  8  4D 4B 48 A 0 0 0 1 
94220  639  8  11 A0 F 0 0 0 0 0 
94227  101  8  0 FF 1 0 0 0 0 0 
94238  102  8  1 93 1 0 0 2 CC 0 
94318  100  8  0 0 0 0 9C 1 FF 0 
94319  638  8  4D 4B 48 A 0 0 0 0 
94320  639  8  11 A0 F 0 0 0 0 0 
94327  101  8  0 FF 1 0 0 0 0 0 
94338  102  8  1 93 1 0 0 2 CC 0 
94418  100  8  0 0 0 0 9C 1 FF 0 
94419  638  8  4D 4B 48 A 0 0 0 1 
94420  639  8  11 A0 F 0 0 0 0 0 
94427  101  8  0 FF 1 0 0 0 0 0 
94438  102  8  1 93 1 0 0 2 CC 0 
94518  100  8  0 0 0 0 9C 1 FF 0 
94519  638  8  4D 4B 48 A 0 0 0 0 
94520  639  8  11 A0 F 0 0 0 0 0 
94527  101  8  0 FF 1 0 0 0 0 0 
94538  102  8  1 93 1 0 0 2 CC 0 
94618  100  8  0 0 0 0 9C 1 FF 0 
94619  638  8  4D 4B 48 A 0 0 0 1 
94620  639  8  11 A0 F 0 0 0 0 0 
94627  101  8  0 FF 1 0 0 0 0 0 
94638  102  8  1 93 1 0 0 2 CC 0 
94718  100  8  0 0 0 0 9C 1 FF 0 
94719  638  8  4D 4B 48 A 0 0 0 0 
94720  639  8  11 A0 F 0 0 0 0 0 
94727  101  8  0 FF 1 0 0 0 0 0 
94738  102  8  1 93 1 0 0 2 CC 0 
94818  100  8  0 0 0 0 9C 1 FF 0 
94819  638  8  4D 4B 48 A 0 0 0 1 
94820  639  8  11 A0 F 0 0 0 0 0 
94827  101  8  0 FF 1 0 0 0 0 0 
94838  102  8  1 93 1 0 0 2 CC 0 
94918  100  8  0 0 0 0 9C 1 FF 0 
94919  638  8  4D 4B 48 A 0 0 0 0 
94920  639  8  11 A0 F 0 0 0 0 0 
94927  101  8  0 FF 1 0 0 0 0 0 
94938  102  8  1 93 1 0 0 2 CC 0 
95018  100  8  0 0 0 0 9C 1 FF 0 
95019  638  8  4D 4B 48 A 0 0 0 1 
95020  639  8  11 A0 F 0 0 0 0 0 
95027  101  8  0 FF 1 0 0 0 0 0 
95038  102  8  1 93 1 0 0 2 CC 0 
95118  100  8  0 0 0 0 9C 1 FF 0 
95119  638  8  4D 4B 48 A 0 0 0 0 
95120  639  8  11 A0 F 0 0 0 0 0 
95127  101  8  0 FF 1 0 0 0 0 0 
95138  102  8  1 93 1 0 0 2 CC 0 
95218  100  8  0 0 0 0 9C 1 FF 0 
95219  638  8  4D 4B 48 A 0 0 0 1 
95220  639  8  11 A0 F 0 0 0 0 0 
95227  101  8  0 FF 1 0 0 0 0 0 
95238  102  8  1 93 1 0 0 2 CC 0 
95318  100  8  0 0 0 0 9C 1 FF 0 
95319  638  8  4D 4B 48 A 0 0 0 0 
95320  639  8  11 A0 F 0 0 0 0 0 
95327  101  8  0 FF 1 0 0 0 0 0 
95338  102  8  1 93 1 0 0 2 CC 0 
95418  100  8  0 0 0 0 9C 1 FF 0 
95419  638  8  4D 4B 48 A 0 0 0 1 
95420  639  8  11 A0 F 0 0 0 0 0 
95427  101  8  0 FF 1 0 0 0 0 0 
95438  102  8  1 93 1 0 0 2 CC 0 
95518  100  8  0 0 0 0 9C 1 FF 0 
95519  638  8  4D 4B 48 A 0 0 0 0 
95520  639  8  11 A0 F 0 0 0 0 0 
95527  101  8  0 FF 1 0 0 0 0 0 
95538  102  8  1 93 1 0 0 2 CC 0 
95618  100  8  0 0 0 0 9C 1 FF 0 
95619  638  8  4D 4B 48 A 0 0 0 1 
95620  639  8  11 A0 F 0 0 0 0 0 
95627  101  8  0 FF 1 0 0 0 0 0 
95638  102  8  1 93 1 0 0 2 CC 0 
95718  100  8  0 0 0 0 9C 1 FF 0 
95719  638  8  4D 4B 48 A 0 0 0 0 
95720  639  8  11 A0 F 0 0 0 0 0 
95727  101  8  0 FF 1 0 0 0 0 0 
95738  102  8  1 93 1 0 0 2 CC 0 
95818  100  8  0 0 0 0 9C 1 FF 0 
95819  638  8  4D 4B 48 A 0 0 0 1 
95820  639  8  11 A0 F 0 0 0 0 0 
95827  101  8  0 FF 1 0 0 0 0 0 
95838  102  8  1 93 1 0 0 2 CC 0 
95918  100  8  0 0 0 0 9C 1 FF 0 
95919  638  8  4D 4B 48 A 0 0 0 0 
95920  639  8  11 A0 F 0 0 0 0 0 
95927  101  8  0 FF 1 0 0 0 0 0 
95938  102  8  1 93 1 0 0 2 CC 0 
96018  100  8  0 0 0 0 9C 1 FF 0 
96019  638  8  4D 4B 48 A 0 0 0 1 
96020  639  8  11 A0 F 0 0 0 0 0 
96027  101  8  0 FF 1 0 0 0 0 0 
96038  102  8  1 93 1 0 0 2 CC 0 
96118  100  8  0 0 0 0 9C 1 FF 0 
96119  638  8  4D 4B 48 A 0 0 0 0 
96120  639  8  11 A0 F 0 0 0 0 0 
96127  101  8  0 FF 1 0 0 0 0 0 
96138  102  8  1 93 1 0 0 2 CC 0 
96218  100  8  0 0 0 0 9C 1 FF 0 
96219  638  8  4D 4B 48 A 0 0 0 1 
96220  639  8  11 A0 F 0 0 0 0 0 
96227  101  8  0 FF 1 0 0 0 0 0 
96238  102  8  1 93 1 0 0 2 CC 0 
96318  100  8  0 0 0 0 9C 1 FF 0 
96319  638  8  4D 4B 48 A 0 0 0 0 
96320  639  8  11 A0 F 0 0 0 0 0 
96327  101  8  0 FF 1 0 0 0 0 0 
96338  102  8  1 93 1 0 0 2 CC 0 
96418  100  8  0 0 0 0 9C 1 FF 0 
96419  638  8  4D 4B 48 A 0 0 0 1 
96420  639  8  11 A0 F 0 0 0 0 0 
96427  101  8  0 FF 1 0 0 0 0 0 
96438  102  8  1 93 1 0 0 2 CC 0 
96518  100  8  0 0 0 0 9C 1 FF 0 
96519  638  8  4D 4B 48 A 0 0 0 0 
96520  639  8  11 A0 F 0 0 0 0 0 
96527  101  8  0 FF 1 0 0 0 0 0 
96538  102  8  1 93 1 0 0 2 CC 0 
96618  100  8  0 0 0 0 9C 1 FF 0 
96619  638  8  4D 4B 48 A 0 0 0 1 
96620  639  8  11 A0 F 0 0 0 0 0 
96627  101  8  0 FF 1 0 0 0 0 0 
96638  102  8  1 93 1 0 0 2 CC 0 
96718  100  8  0 0 0 0 9C 1 FF 0 
96719  638  8  4D 4B 48 A 0 0 0 0 
96720  639  8  11 A0 F 0 0 0 0 0 
96727  101  8  0 FF 1 0 0 0 0 0 
96738  102  8  1 93 1 0 0 2 CC 0 
96818  100  8  0 0 0 0 9C 1 FF 0 
96819  638  8  4D 4B 48 A 0 0 0 1 
96820  639  8  11 A0 F 0 0 0 0 0 
96827  101  8  0 FF 1 0 0 0 0 0 
96838  102  8  1 93 1 0 0 2 CC 0 
96918  100  8  0 0 0 0 9C 1 FF 0 
96919  638  8  4D 4B 48 A 0 0 0 0 
96920  639  8  11 A0 F 0 0 0 0 0 
96927  101  8  0 FF 1 0 0 0 0 0 
96938  102  8  1 93 1 0 0 2 CC 0 
97018  100  8  0 0 0 0 9C 1 FF 0 
97019  638  8  4D 4B 48 A 0 0 0 1 
97020  639  8  11 A0 F 0 0 0 0 0 
97027  101  8  0 FF 1 0 0 0 0 0 
97038  102  8  1 93 1 0 0 2 CC 0 
97118  100  8  0 0 0 0 9C 1 FF 0 
97119  638  8  4D 4B 48 A 0 0 0 0 
97120  639  8  11 A0 F 0 0 0 0 0 
97127  101  8  0 FF 1 0 0 0 0 0 
97138  102  8  1 93 1 0 0 2 CC 0 
97218  100  8  0 0 0 0 9C 1 FF 0 
97219  638  8  4D 4B 48 A 0 0 0 1 
97220  639  8  11 A0 F 0 0 0 0 0 
97227  101  8  0 FF 1 0 0 0 0 0 
97238  102  8  1 93 1 0 0 2 CC 0 
97318  100  8  0 0 0 0 9C 1 FF 0 
97319  638  8  4D 4B 48 A 0 0 0 0 
97320  639  8  11 A0 F 0 0 0 0 0 
97327  101  8  0 FF 1 0 0 0 0 0 
97338  102  8  1 93 1 0 0 2 CC 0 
97418  100  8  0 0 0 0 9C 1 FF 0 
97419  638  8  4D 4B 48 A 0 0 0 1 
97420  639  8  11 A0 F 0 0 0 0 0 
97427  101  8  0 FF 1 0 0 0 0 0 
97438  102  8  1 93 1 0 0 2 CC 0 
97518  100  8  0 0 0 0 9C 1 FF 0 
97519  638  8  4D 4B 48 A 0 0 0 0 
97520  639  8  11 A0 F 0 0 0 0 0 
97527  101  8  0 FF 1 0 0 0 0 0 
97538  102  8  1 93 1 0 0 2 CC 0 
97618  100  8  0 0 0 0 9C 1 FF 0 
97619  638  8  4D 4B 48 A 0 0 0 1 
97620  639  8  11 A0 F 0 0 0 0 0 
97627  101  8  0 FF 1 0 0 0 0 0 
97638  102  8  1 93 1 0 0 2 CC 0 
97718  100  8  0 0 0 0 9C 1 FF 0 
97719  638  8  4D 4B 48 A 0 0 0 0 
97720  639  8  11 A0 F 0 0 0 0 0 
97727  101  8  0 FF 1 0 0 0 0 0 
97738  102  8  1 93 1 0 0 2 CC 0 
97818  100  8  0 0 0 0 9C 1 FF 0 
97819  638  8  4D 4B 48 A 0 0 0 1 
97820  639  8  11 A0 F 0 0 0 0 0 
97827  101  8  0 FF 1 0 0 0 0 0 
97838  102  8  1 93 1 0 0 2 CC 0 
97918  100  8  0 0 0 0 9C 1 FF 0 
97919  638  8  4D 4B 48 A 0 0 0 0 
97920  639  8  11 A0 F 0 0 0 0 0 
97927  101  8  0 FF 1 0 0 0 0 0 
97938  102  8  1 93 1 0 0 2 CC 0 
98018  100  8  0 0 0 0 9C 1 FF 0 
98019  638  8  4D 4B 48 A 0 0 0 1 
98020  639  8  11 A0 F 0 0 0 0 0 
98027  101  8  0 FF 1 0 0 0 0 0 
98038  102  8  1 93 1 0 0 2 CC 0 
98118  100  8  0 0 0 0 9C 1 FF 0 
98119  638  8  4D 4B 48 A 0 0 0 0 
98120  639  8  11 A0 F 0 0 0 0 0 
98127  101  8  0 FF 1 0 0 0 0 0 
98139  102  8  1 93 1 0 0 2 CC 0 
98218  100  8  0 0 0 0 9C 1 FF 0 
98219  638  8  4D 4B 48 A 0 0 0 1 
98220  639  8  11 A0 F 0 0 0 0 0 
98227  101  8  0 FF 1 0 0 0 0 0 
98238  102  8  1 93 1 0 0 2 CC 0 
98318  100  8  0 0 0 0 9C 1 FF 0 
98319  638  8  4D 4B 48 A 0 0 0 0 
98320  639  8  11 A0 F 0 0 0 0 0 
98327  101  8  0 FF 1 0 0 0 0 0 
98338  102  8  1 93 1 0 0 2 CC 0 
98418  100  8  0 0 0 0 9C 1 FF 0 
98419  638  8  4D 4B 48 A 0 0 0 1 
98420  639  8  11 A0 F 0 0 0 0 0 
98427  101  8  0 FF 1 0 0 0 0 0 
98438  102  8  1 93 1 0 0 2 CC 0 
98518  100  8  0 0 0 0 9C 1 FF 0 
98519  638  8  4D 4B 48 A 0 0 0 0 
98520  639  8  11 A0 F 0 0 0 0 0 
98527  101  8  0 FF 1 0 0 0 0 0 
98538  102  8  1 93 1 0 0 2 CC 0 
98618  100  8  0 0 0 0 9C 1 FF 0 
98619  638  8  4D 4B 48 A 0 0 0 1 
98620  639  8  11 A0 F 0 0 0 0 0 
98627  101  8  0 FF 1 0 0 0 0 0 
98638  102  8  1 93 1 0 0 2 CC 0 
98718  100  8  0 0 0 0 9C 1 FF 0 
98719  638  8  4D 4B 48 A 0 0 0 0 
98720  639  8  11 A0 F 0 0 0 0 0 
98727  101  8  0 FF 1 0 0 0 0 0 
98738  102  8  1 93 1 0 0 2 CC 0 
98818  100  8  0 0 0 0 9C 1 FF 0 
98819  638  8  4D 4B 48 A 0 0 0 1 
98820  639  8  11 A0 F 0 0 0 0 0 
98827  101  8  0 FF 1 0 0 0 0 0 
98838  102  8  1 93 1 0 0 2 CC 0 
98918  100  8  0 0 0 0 9C 1 FF 0 
98919  638  8  4D 4B 48 A 0 0 0 0 
98920  639  8  11 A0 F 0 0 0 0 0 
98927  101  8  0 FF 1 0 0 0 0 0 
98938  102  8  1 93 1 0 0 2 CC 0 
99018  100  8  0 0 0 0 9C 1 FF 0 
99019  638  8  4D 4B 48 A 0 0 0 1 
99020  639  8  11 A0 F 0 0 0 0 0 
99027  101  8  0 FF 1 0 0 0 0 0 
99038  102  8  1 93 1 0 0 2 CC 0 
99118  100  8  0 0 0 0 9C 1 FF 0 
99119  638  8  4D 4B 48 A 0 0 0 0 
99120  639  8  11 9F 10 0 0 0 0 0 
99127  101  8  0 FF 1 0 0 0 0 0 
99138  102  8  1 93 1 0 0 2 CA 0 
99218  100  8  0 0 0 0 9C 1 FF 0 
99219  638  8  4D 4B 48 A 0 0 0 1 
99220  639  8  11 9F 10 0 0 0 0 0 
99227  101  8  0 FF 1 0 0 0 0 0 
99238  102  8  1 93 1 0 0 2 CA 0 
99318  100  8  0 0 0 0 9C 1 FF 0 
99319  638  8  4D 4B 48 A 0 0 0 0 
99320  639  8  11 9F 10 0 0 0 0 0 
99327  101  8  0 FF 1 0 0 0 0 0 
99338  102  8  1 93 1 0 0 2 CA 0 
99418  100  8  0 0 0 0 9C 1 FF 0 
99419  638  8  4D 4B 48 A 0 0 0 1 
99420  639  8  11 9F 10 0 0 0 0 0 
99427  101  8  0 FF 1 0 0 0 0 0 
99438  102  8  1 93 1 0 0 2 CA 0 
99518  100  8  0 0 0 0 9C 1 FF 0 
99519  638  8  4D 4B 48 A 0 0 0 0 
99520  639  8  11 9F 10 0 0 0 0 0 
99527  101  8  0 FF 1 0 0 0 0 0 
99538  102  8  1 93 1 0 0 2 CA 0 
99618  100  8  0 0 0 0 9C 1 FF 0 
99619  638  8  4D 4B 48 A 0 0 0 1 
99620  639  8  11 9F 10 0 0 0 0 0 
99627  101  8  0 FF 1 0 0 0 0 0 
99638  102  8  1 93 1 0 0 2 CA 0 
99718  100  8  0 0 0 0 9C 1 FF 0 
99719  638  8  4D 4B 48 A 0 0 0 0 
99720  639  8  11 9F 10 0 0 0 0 0 
99727  101  8  0 FF 1 0 0 0 0 0 
99738  102  8  1 93 1 0 0 2 CA 0 
99818  100  8  0 0 0 0 9C 1 FF 0 
99819  638  8  4D 4B 48 A 0 0 0 1 
99820  639  8  11 9F 10 0 0 0 0 0 
99827  101  8  0 FF 1 0 0 0 0 0 
99837  102  8  1 93 1 0 0 2 CA 0 
99918  100  8  0 0 0 0 9C 1 FF 0 
99918  638  8  4D 4B 48 A 0 0 0 0 
99919  639  8  11 9F 10 0 0 0 0 0 
99927  101  8  0 FF 1 0 0 0 0 0 
99938  102  8  1 93 1 0 0 2 CA 0 
100018  100  8  0 0 0 0 9C 1 FF 0 
100019  638  8  4D 4B 48 A 0 0 0 1 
100020  639  8  11 9F 10 0 0 0 0 0 
100027  101  8  0 FF 1 0 0 0 0 0 
100038  102  8  1 93 1 0 0 2 CA 0 
100118  100  8  0 0 0 0 9C 1 FF 0 
100119  638  8  4D 4B 48 A 0 0 0 0 
100120  639  8  11 9F 10 0 0 0 0 0 
100127  101  8  0 FF 1 0 0 0 0 0 
100137  102  8  1 93 1 0 0 2 CA 0 
100218  100  8  0 0 0 0 9C 1 FF 0 
100219  638  8  4D 4B 48 A 0 0 0 1 
100220  639  8  11 9F 10 0 0 0 0 0 
100227  101  8  0 FF 1 0 0 0 0 0 
100237  102  8  1 93 1 0 0 2 CA 0 
100318  100  8  0 0 0 0 9C 1 FF 0 
100319  638  8  4D 4B 48 A 0 0 0 0 
100320  639  8  11 9F 10 0 0 0 0 0 
100327  101  8  0 FF 1 0 0 0 0 0 
100338  102  8  1 93 1 0 0 2 CA 0 
100418  100  8  0 0 0 0 9C 1 FF 0 
100419  638  8  4D 4B 48 A 0 0 0 1 
100420  639  8  11 9F 10 0 0 0 0 0 
100427  101  8  0 FF 1 0 0 0 0 0 
100438  102  8  1 93 1 0 0 2 CA 0 
100518  100  8  0 0 0 0 9C 1 FF 0 
100519  638  8  4D 4B 48 A 0 0 0 0 
100520  639  8  11 9F 10 0 0 0 0 0 
100527  101  8  0 FF 1 0 0 0 0 0 
100537  102  8  1 93 1 0 0 2 CA 0 
100618  100  8  0 0 0 0 9C 1 FF 0 
100619  638  8  4D 4B 48 A 0 0 0 1 
100620  639  8  11 9F 10 0 0 0 0 0 
100627  101  8  0 FF 1 0 0 0 0 0 
100637  102  8  1 93 1 0 0 2 CA 0 
100718  100  8  0 0 0 0 9C 1 FF 0 
100719  638  8  4D 4B 48 A 0 0 0 0 
100720  639  8  11 9F 10 0 0 0 0 0 
100727  101  8  0 FF 1 0 0 0 0 0 
100738  102  8  1 93 1 0 0 2 CA 0 
100818  100  8  0 0 0 0 9C 1 FF 0 
100819  638  8  4D 4B 48 A 0 0 0 1 
100820  639  8  11 9F 10 0 0 0 0 0 
100827  101  8  0 FF 1 0 0 0 0 0 
100838  102  8  1 93 1 0 0 2 CA 0 
100918  100  8  0 0 0 0 9C 1 FF 0 
100919  638  8  4D 4B 48 A 0 0 0 0 
100920  639  8  11 9F 10 0 0 0 0 0 
100927  101  8  0 FF 1 0 0 0 0 0 
100937  102  8  1 93 1 0 0 2 CA 0 
101018  100  8  0 0 0 0 9C 1 FF 0 
101019  638  8  4D 4B 48 A 0 0 0 1 
101020  639  8  11 9F 10 0 0 0 0 0 
101027  101  8  0 FF 1 0 0 0 0 0 
101037  102  8  1 93 1 0 0 2 CA 0 
101118  100  8  0 0 0 0 9C 1 FF 0 
101119  638  8  4D 4B 48 A 0 0 0 0 
101120  639  8  11 9F 10 0 0 0 0 0 
101127  101  8  0 FF 1 0 0 0 0 0 
101138  102  8  1 93 1 0 0 2 CA 0 
101218  100  8  0 0 0 0 9C 1 FF 0 
101219  638  8  4D 4B 48 A 0 0 0 1 
101220  639  8  11 9F 10 0 0 0 0 0 
101227  101  8  0 FF 1 0 0 0 0 0 
101238  102  8  1 93 1 0 0 2 CA 0 
101318  100  8  0 0 0 0 9C 1 FF 0 
101319  638  8  4D 4B 48 A 0 0 0 0 
101320  639  8  11 9F 10 0 0 0 0 0 
101327  101  8  0 FF 1 0 0 0 0 0 
101337  102  8  1 93 1 0 0 2 CA 0 
101418  100  8  0 0 0 0 9C 1 FF 0 
101419  638  8  4D 4B 48 A 0 0 0 1 
101420  639  8  11 9F 10 0 0 0 0 0 
101427  101  8  0 FF 1 0 0 0 0 0 
101437  102  8  1 93 1 0 0 2 CA 0 
101518  100  8  0 0 0 0 9C 1 FF 0 
101518  638  8  4D 4B 48 A 0 0 0 0 
101519  639  8  11 9F 10 0 0 0 0 0 
101527  101  8  0 FF 1 0 0 0 0 0 
101538  102  8  1 93 1 0 0 2 CA 0 
101618  100  8  0 0 0 0 9C 1 FF 0 
101619  638  8  4D 4B 48 A 0 0 0 1 
101620  639  8  11 9F 10 0 0 0 0 0 
101627  101  8  0 FF 1 0 0 0 0 0 
101638  102  8  1 93 1 0 0 2 CA 0 
101718  100  8  0 0 0 0 9C 1 FF 0 
101719  638  8  4D 4B 48 A 0 0 0 0 
101720  639  8  11 9F 10 0 0 0 0 0 
101727  101  8  0 FF 1 0 0 0 0 0 
101737  102  8  1 93 1 0 0 2 CA 0 
101818  100  8  0 0 0 0 9C 1 FF 0 
101819  638  8  4D 4B 48 A 0 0 0 1 
101820  639  8  11 9F 10 0 0 0 0 0 
101827  101  8  0 FF 1 0 0 0 0 0 
101837  102  8  1 93 1 0 0 2 CA 0 
101918  100  8  0 0 0 0 9C 1 FF 0 
101919  638  8  4D 4B 48 A 0 0 0 0 
101920  639  8  11 9F 10 0 0 0 0 0 
101927  101  8  0 FF 1 0 0 0 0 0 
101938  102  8  1 93 1 0 0 2 CA 0 
102018  100  8  0 0 0 0 9C 1 FF 0 
102019  638  8  4D 4B 48 A 0 0 0 1 
102020  639  8  11 9F 10 0 0 0 0 0 
102027  101  8  0 FF 1 0 0 0 0 0 
102038  102  8  1 93 1 0 0 2 CA 0 
102118  100  8  0 0 0 0 9C 1 FF 0 
102119  638  8  4D 4B 48 A 0 0 0 0 
102120  639  8  11 9F 10 0 0 0 0 0 
102127  101  8  0 FF 1 0 0 0 0 0 
102137  102  8  1 93 1 0 0 2 CA 0 
102218  100  8  0 0 0 0 9C 1 FF 0 
102219  638  8  4D 4B 48 A 0 0 0 1 
102220  639  8  11 9F 10 0 0 0 0 0 
102227  101  8  0 FF 1 0 0 0 0 0 
102237  102  8  1 93 1 0 0 2 CA 0 
102318  100  8  0 0 0 0 9C 1 FF 0 
102319  638  8  4D 4B 48 A 0 0 0 0 
102320  639  8  11 9F 10 0 0 0 0 0 
102327  101  8  0 FF 1 0 0 0 0 0 
102338  102  8  1 93 1 0 0 2 CA 0 
102418  100  8  0 0 0 0 9C 1 FF 0 
102419  638  8  4D 4B 48 A 0 0 0 1 
102420  639  8  11 9F 10 0 0 0 0 0 
102427  101  8  0 FF 1 0 0 0 0 0 
102438  102  8  1 93 1 0 0 2 CA 0 
102518  100  8  0 0 0 0 9C 1 FF 0 
102519  638  8  4D 4B 48 A 0 0 0 0 
102520  639  8  11 9F 10 0 0 0 0 0 
102527  101  8  0 FF 1 0 0 0 0 0 
102537  102  8  1 93 1 0 0 2 CA 0 
102618  100  8  0 0 0 0 9C 1 FF 0 
102619  638  8  4D 4B 48 A 0 0 0 1 
102620  639  8  11 9F 10 0 0 0 0 0 
102627  101  8  0 FF 1 0 0 0 0 0 
102637  102  8  1 93 1 0 0 2 CA 0 
102718  100  8  0 0 0 0 9C 1 FF 0 
102719  638  8  4D 4B 48 A 0 0 0 0 
102720  639  8  11 9F 10 0 0 0 0 0 
102727  101  8  0 FF 1 0 0 0 0 0 
102738  102  8  1 93 1 0 0 2 CA 0 
102818  100  8  0 0 0 0 9C 1 FF 0 
102819  638  8  4D 4B 48 A 0 0 0 1 
102820  639  8  11 9F 10 0 0 0 0 0 
102827  101  8  0 FF 1 0 0 0 0 0 
102838  102  8  1 93 1 0 0 2 CA 0 
102918  100  8  0 0 0 0 9C 1 FF 0 
102919  638  8  4D 4B 48 A 0 0 0 0 
102920  639  8  11 9F 10 0 0 0 0 0 
102927  101  8  0 FF 1 0 0 0 0 0 
102937  102  8  1 93 1 0 0 2 CA 0 
103018  100  8  0 0 0 0 9C 1 FF 0 
103019  638  8  4D 4B 48 A 0 0 0 1 
103020  639  8  11 9F 10 0 0 0 0 0 
103027  101  8  0 FF 1 0 0 0 0 0 
103037  102  8  1 93 1 0 0 2 CA 0 
103118  100  8  0 0 0 0 9C 1 FF 0 
103119  638  8  4D 4B 48 A 0 0 0 0 
103120  639  8  11 9F 10 0 0 0 0 0 
103127  101  8  0 FF 1 0 0 0 0 0 
103138  102  8  1 93 1 0 0 2 CA 0 
103218  100  8  0 0 0 0 9C 1 FF 0 
103219  638  8  4D 4B 48 A 0 0 0 1 
103220  639  8  11 9F 10 0 0 0 0 0 
103227  101  8  0 FF 1 0 0 0 0 0 
103238  102  8  1 93 1 0 0 2 CA 0 
103318  100  8  0 0 0 0 9C 1 FF 0 
103319  638  8  4D 4B 48 A 0 0 0 0 
103320  639  8  11 9F 10 0 0 0 0 0 
103327  101  8  0 FF 1 0 0 0 0 0 
103337  102  8  1 93 1 0 0 2 CA 0 
103418  100  8  0 0 0 0 9C 1 FF 0 
103419  638  8  4D 4B 48 A 0 0 0 1 
103420  639  8  11 9F 10 0 0 0 0 0 
103427  101  8  0 FF 1 0 0 0 0 0 
103437  102  8  1 93 1 0 0 2 CA 0 
103518  100  8  0 0 0 0 9C 1 FF 0 
103519  638  8  4D 4B 48 A 0 0 0 0 
103520  639  8  11 9F 10 0 0 0 0 0 
103527  101  8  0 FF 1 0 0 0 0 0 
103538  102  8  1 93 1 0 0 2 CA 0 
103617  100  8  0 0 0 0 9C 1 FF 0 
103618  638  8  4D 4B 48 A 0 0 0 1 
103619  639  8  11 9F 10 0 0 0 0 0 
103627  101  8  0 FF 1 0 0 0 0 0 
103638  102  8  1 93 1 0 0 2 CA 0 
103717  100  8  0 0 0 0 9C 1 FF 0 
103718  638  8  4D 4B 48 A 0 0 0 0 
103719  639  8  11 9F 10 0 0 0 0 0 
103727  101  8  0 FF 1 0 0 0 0 0 
103737  102  8  1 93 1 0 0 2 CA 0 
103817  100  8  0 0 0 0 9C 1 FF 0 
103818  638  8  4D 4B 48 A 0 0 0 1 
103819  639  8  11 9F 10 0 0 0 0 0 
103827  101  8  0 FF 1 0 0 0 0 0 
103837  102  8  1 93 1 0 0 2 CA 0 
103917  100  8  0 0 0 0 9C 1 FF 0 
103918  638  8  4D 4B 48 A 0 0 0 0 
103919  639  8  11 9F 10 0 0 0 0 0 
103927  101  8  0 FF 1 0 0 0 0 0 
103938  102  8  1 93 1 0 0 2 CA 0 
104017  100  8  0 0 0 0 9C 1 FF 0 
104018  638  8  4D 4B 48 A 0 0 0 1 
104019  639  8  11 9F 10 0 0 0 0 0 
104027  101  8  0 FF 1 0 0 0 0 0 
104038  102  8  1 93 1 0 0 2 CA 0 
104117  100  8  0 0 0 0 9C 1 FF 0 
104118  638  8  4D 4B 48 A 0 0 0 0 
104119  639  8  11 A0 F 0 0 0 0 0 
104127  101  8  0 FF 1 0 0 0 0 0 
104137  102  8  1 93 1 0 0 2 CC 0 
104217  100  8  0 0 0 0 9C 1 FF 0 
104218  638  8  4D 4B 48 A 0 0 0 1 
104219  639  8  11 A0 F 0 0 0 0 0 
104227  101  8  0 FF 1 0 0 0 0 0 
104237  102  8  1 93 1 0 0 2 CC 0 
104317  100  8  0 0 0 0 9C 1 FF 0 
104318  638  8  4D 4B 48 A 0 0 0 0 
104319  639  8  11 A0 F 0 0 0 0 0 
104327  101  8  0 FF 1 0 0 0 0 0 
104338  102  8  1 93 1 0 0 2 CC 0 
104417  100  8  0 0 0 0 9C 1 FF 0 
104418  638  8  4D 4B 48 A 0 0 0 1 
104419  639  8  11 A0 F 0 0 0 0 0 
104427  101  8  0 FF 1 0 0 0 0 0 
104438  102  8  1 93 1 0 0 2 CC 0 
104517  100  8  0 0 0 0 9C 1 FF 0 
104518  638  8  4D 4B 48 A 0 0 0 0 
104519  639  8  11 A0 F 0 0 0 0 0 
104527  101  8  0 FF 1 0 0 0 0 0 
104537  102  8  1 93 1 0 0 2 CC 0 
104617  100  8  0 0 0 0 9C 1 FF 0 
104618  638  8  4D 4B 48 A 0 0 0 1 
104619  639  8  11 A0 F 0 0 0 0 0 
104627  101  8  0 FF 1 0 0 0 0 0 
104637  102  8  1 93 1 0 0 2 CC 0 
104717  100  8  0 0 0 0 9C 1 FF 0 
104718  638  8  4D 4B 48 A 0 0 0 0 
104719  639  8  11 A0 F 0 0 0 0 0 
104727  101  8  0 FF 1 0 0 0 0 0 
104738  102  8  1 93 1 0 0 2 CC 0 
104817  100  8  0 0 0 0 9C 1 FF 0 
104818  638  8  4D 4B 48 A 0 0 0 1 
104819  639  8  11 A0 F 0 0 0 0 0 
104827  101  8  0 FF 1 0 0 0 0 0 
104838  102  8  1 93 1 0 0 2 CC 0 
104917  100  8  0 0 0 0 9C 1 FF 0 
104918  638  8  4D 4B 48 A 0 0 0 0 
104919  639  8  11 A0 F 0 0 0 0 0 
104927  101  8  0 FF 1 0 0 0 0 0 
104937  102  8  1 93 1 0 0 2 CC 0 
E (105315) wifi:sta is connecting, return error
105017  100  8  0 0 0 0 9C 1 FF 0 
105018  638  8  4D 4B 48 A 0 0 0 1 
105019  639  8  11 A0 F 0 0 0 0 0 
105027  101  8  0 FF 1 0 0 0 0 0 
105037  102  8  1 93 1 0 0 2 CC 0 
105117  100  8  0 0 0 0 9C 1 FF 0 
105118  638  8  4D 4B 48 A 0 0 0 0 
105119  639  8  11 A0 F 0 0 0 0 0 
105127  101  8  0 FF 1 0 0 0 0 0 
105138  102  8  1 93 1 0 0 2 CC 0 
105217  100  8  0 0 0 0 9C 1 FF 0 
105218  638  8  4D 4B 48 A 0 0 0 1 
105219  639  8  11 A0 F 0 0 0 0 0 
105227  101  8  0 FF 1 0 0 0 0 0 
105238  102  8  1 93 1 0 0 2 CC 0 
105317  100  8  0 0 0 0 9C 1 FF 0 
105318  638  8  4D 4B 48 A 0 0 0 0 
105319  639  8  11 A0 F 0 0 0 0 0 
105327  101  8  0 FF 1 0 0 0 0 0 
105337  102  8  1 93 1 0 0 2 CC 0 
105417  100  8  0 0 0 0 9C 1 FF 0 
105418  638  8  4D 4B 48 A 0 0 0 1 
105419  639  8  11 A0 F 0 0 0 0 0 
105427  101  8  0 FF 1 0 0 0 0 0 
105437  102  8  1 93 1 0 0 2 CC 0 
105517  100  8  0 0 0 0 9C 1 FF 0 
105518  638  8  4D 4B 48 A 0 0 0 0 
105519  639  8  11 A0 F 0 0 0 0 0 
105527  101  8  0 FF 1 0 0 0 0 0 
105538  102  8  1 93 1 0 0 2 CC 0 
105617  100  8  0 0 0 0 9C 1 FF 0 
105618  638  8  4D 4B 48 A 0 0 0 1 
105619  639  8  11 A0 F 0 0 0 0 0 
105627  101  8  0 FF 1 0 0 0 0 0 
105638  102  8  1 93 1 0 0 2 CC 0 
105717  100  8  0 0 0 0 9C 1 FF 0 
105718  638  8  4D 4B 48 A 0 0 0 0 
105719  639  8  11 A0 F 0 0 0 0 0 
105727  101  8  0 FF 1 0 0 0 0 0 
105737  102  8  1 93 1 0 0 2 CC 0 
105817  100  8  0 0 0 0 9C 1 FF 0 
105818  638  8  4D 4B 48 A 0 0 0 1 
105819  639  8  11 A0 F 0 0 0 0 0 
105827  101  8  0 FF 1 0 0 0 0 0 
105837  102  8  1 93 1 0 0 2 CC 0 
105917  100  8  0 0 0 0 9C 1 FF 0 
105918  638  8  4D 4B 48 A 0 0 0 0 
105919  639  8  11 A0 F 0 0 0 0 0 
105927  101  8  0 FF 1 0 0 0 0 0 
105938  102  8  1 93 1 0 0 2 CC 0 
106017  100  8  0 0 0 0 9C 1 FF 0 
106018  638  8  4D 4B 48 A 0 0 0 1 
106019  639  8  11 A0 F 0 0 0 0 0 
106027  101  8  0 FF 1 0 0 0 0 0 
106038  102  8  1 93 1 0 0 2 CC 0 
106117  100  8  0 0 0 0 9C 1 FF 0 
106118  638  8  4D 4B 48 A 0 0 0 0 
106119  639  8  11 A0 F 0 0 0 0 0 
106127  101  8  0 FF 1 0 0 0 0 0 
106137  102  8  1 93 1 0 0 2 CC 0 
106217  100  8  0 0 0 0 9C 1 FF 0 
106218  638  8  4D 4B 48 A 0 0 0 1 
106219  639  8  11 A0 F 0 0 0 0 0 
106227  101  8  0 FF 1 0 0 0 0 0 
106237  102  8  1 93 1 0 0 2 CC 0 
106317  100  8  0 0 0 0 9C 1 FF 0 
106318  638  8  4D 4B 48 A 0 0 0 0 
106319  639  8  11 A0 F 0 0 0 0 0 
106327  101  8  0 FF 1 0 0 0 0 0 
106338  102  8  1 93 1 0 0 2 CC 0 
106417  100  8  0 0 0 0 9C 1 FF 0 
106418  638  8  4D 4B 48 A 0 0 0 1 
106419  639  8  11 A0 F 0 0 0 0 0 
106427  101  8  0 FF 1 0 0 0 0 0 
106438  102  8  1 93 1 0 0 2 CC 0 
106517  100  8  0 0 0 0 9C 1 FF 0 
106518  638  8  4D 4B 48 A 0 0 0 0 
106519  639  8  11 A0 F 0 0 0 0 0 
106527  101  8  0 FF 1 0 0 0 0 0 
106537  102  8  1 93 1 0 0 2 CC 0 
106617  100  8  0 0 0 0 9C 1 FF 0 
106618  638  8  4D 4B 48 A 0 0 0 1 
106619  639  8  11 A0 F 0 0 0 0 0 
106627  101  8  0 FF 1 0 0 0 0 0 
106637  102  8  1 93 1 0 0 2 CC 0 
106717  100  8  0 0 0 0 9C 1 FF 0 
106718  638  8  4D 4B 48 A 0 0 0 0 
106719  639  8  11 A0 F 0 0 0 0 0 
106727  101  8  0 FF 1 0 0 0 0 0 
106738  102  8  1 93 1 0 0 2 CC 0 
106817  100  8  0 0 0 0 9C 1 FF 0 
106818  638  8  4D 4B 48 A 0 0 0 1 
106819  639  8  11 A0 F 0 0 0 0 0 
106827  101  8  0 FF 1 0 0 0 0 0 
106838  102  8  1 93 1 0 0 2 CC 0 
106917  100  8  0 0 0 0 9C 1 FF 0 
106918  638  8  4D 4B 48 A 0 0 0 0 
106919  639  8  11 A0 F 0 0 0 0 0 
106927  101  8  0 FF 1 0 0 0 0 0 
106937  102  8  1 93 1 0 0 2 CC 0 
107017  100  8  0 0 0 0 9C 1 FF 0 
107018  638  8  4D 4B 48 A 0 0 0 1 
107019  639  8  11 A0 F 0 0 0 0 0 
107027  101  8  0 FF 1 0 0 0 0 0 
107037  102  8  1 93 1 0 0 2 CC 0 
107117  100  8  0 0 0 0 9C 1 FF 0 
107118  638  8  4D 4B 48 A 0 0 0 0 
107119  639  8  11 A0 F 0 0 0 0 0 
107127  101  8  0 FF 1 0 0 0 0 0 
107138  102  8  1 93 1 0 0 2 CC 0 
107217  100  8  0 0 0 0 9C 1 FF 0 
107218  638  8  4D 4B 48 A 0 0 0 1 
107219  639  8  11 A0 F 0 0 0 0 0 
107227  101  8  0 FF 1 0 0 0 0 0 
107238  102  8  1 93 1 0 0 2 CC 0 
107317  100  8  0 0 0 0 9C 1 FF 0 
107318  638  8  4D 4B 48 A 0 0 0 0 
107319  639  8  11 A0 F 0 0 0 0 0 
107327  101  8  0 FF 1 0 0 0 0 0 
107337  102  8  1 93 1 0 0 2 CC 0 
107417  100  8  0 0 0 0 9C 1 FF 0 
107418  638  8  4D 4B 48 A 0 0 0 1 
107419  639  8  11 A0 F 0 0 0 0 0 
107427  101  8  0 FF 1 0 0 0 0 0 
107437  102  8  1 93 1 0 0 2 CC 0 
107517  100  8  0 0 0 0 9C 1 FF 0 
107518  638  8  4D 4B 48 A 0 0 0 0 
107519  639  8  11 A0 F 0 0 0 0 0 
107527  101  8  0 FF 1 0 0 0 0 0 
107538  102  8  1 93 1 0 0 2 CC 0 
107617  100  8  0 0 0 0 9C 1 FF 0 
107618  638  8  4D 4B 48 A 0 0 0 1 
107619  639  8  11 A0 F 0 0 0 0 0 
107627  101  8  0 FF 1 0 0 0 0 0 
107638  102  8  1 93 1 0 0 2 CC 0 
107717  100  8  0 0 0 0 9C 1 FF 0 
107718  638  8  4D 4B 48 A 0 0 0 0 
107719  639  8  11 A0 F 0 0 0 0 0 
107727  101  8  0 FF 1 0 0 0 0 0 
107737  102  8  1 93 1 0 0 2 CC 0 
107817  100  8  0 0 0 0 9C 1 FF 0 
107818  638  8  4D 4B 48 A 0 0 0 1 
107819  639  8  11 A0 F 0 0 0 0 0 
107827  101  8  0 FF 1 0 0 0 0 0 
107837  102  8  1 93 1 0 0 2 CC 0 
107917  100  8  0 0 0 0 9C 1 FF 0 
107918  638  8  4D 4B 48 A 0 0 0 0 
107919  639  8  11 A0 F 0 0 0 0 0 
107927  101  8  0 FF 1 0 0 0 0 0 
107938  102  8  1 93 1 0 0 2 CC 0 
108017  100  8  0 0 0 0 9C 1 FF 0 
108018  638  8  4D 4B 48 A 0 0 0 1 
108019  639  8  11 A0 F 0 0 0 0 0 
108027  101  8  0 FF 1 0 0 0 0 0 
108038  102  8  1 93 1 0 0 2 CC 0 
108117  100  8  0 0 0 0 9C 1 FF 0 
108118  638  8  4D 4B 48 A 0 0 0 0 
108119  639  8  11 A0 F 0 0 0 0 0 
108127  101  8  0 FF 1 0 0 0 0 0 
108137  102  8  1 93 1 0 0 2 CC 0 
108217  100  8  0 0 0 0 9C 1 FF 0 
108218  638  8  4D 4B 48 A 0 0 0 1 
108219  639  8  11 A0 F 0 0 0 0 0 
108227  101  8  0 FF 1 0 0 0 0 0 
108237  102  8  1 93 1 0 0 2 CC 0 
108317  100  8  0 0 0 0 9C 1 FF 0 
108318  638  8  4D 4B 48 A 0 0 0 0 
108319  639  8  11 A0 F 0 0 0 0 0 
108327  101  8  0 FF 1 0 0 0 0 0 
108338  102  8  1 93 1 0 0 2 CC 0 
108417  100  8  0 0 0 0 9C 1 FF 0 
108418  638  8  4D 4B 48 A 0 0 0 1 
108419  639  8  11 A0 F 0 0 0 0 0 
108427  101  8  0 FF 1 0 0 0 0 0 
108438  102  8  1 93 1 0 0 2 CC 0 
108517  100  8  0 0 0 0 9C 1 FF 0 
108518  638  8  4D 4B 48 A 0 0 0 0 
108519  639  8  11 A0 F 0 0 0 0 0 
108527  101  8  0 FF 1 0 0 0 0 0 
108537  102  8  1 93 1 0 0 2 CC 0 
108617  100  8  0 0 0 0 9C 1 FF 0 
108618  638  8  4D 4B 48 A 0 0 0 1 
108619  639  8  11 A0 F 0 0 0 0 0 
108627  101  8  0 FF 1 0 0 0 0 0 
108637  102  8  1 93 1 0 0 2 CC 0 
108717  100  8  0 0 0 0 9C 1 FF 0 
108718  638  8  4D 4B 48 A 0 0 0 0 
108719  639  8  11 A0 F 0 0 0 0 0 
108727  101  8  0 FF 1 0 0 0 0 0 
108738  102  8  1 93 1 0 0 2 CC 0 
108817  100  8  0 0 0 0 9C 1 FF 0 
108818  638  8  4D 4B 48 A 0 0 0 1 
108819  639  8  11 A0 F 0 0 0 0 0 
108827  101  8  0 FF 1 0 0 0 0 0 
108838  102  8  1 93 1 0 0 2 CC 0 
108917  100  8  0 0 0 0 9C 1 FF 0 
108918  638  8  4D 4B 48 A 0 0 0 0 
108919  639  8  11 A0 F 0 0 0 0 0 
108927  101  8  0 FF 1 0 0 0 0 0 
108937  102  8  1 93 1 0 0 2 CC 0 
109017  100  8  0 0 0 0 9C 1 FF 0 
109018  638  8  4D 4B 48 A 0 0 0 1 
109019  639  8  11 A0 F 0 0 0 0 0 
109027  101  8  0 FF 1 0 0 0 0 0 
109037  102  8  1 93 1 0 0 2 CC 0 
109117  100  8  0 0 0 0 9C 1 FF 0 
109118  638  8  4D 4B 48 A 0 0 0 0 
109119  639  8  11 9F 10 0 0 0 0 0 
109127  101  8  0 FF 1 0 0 0 0 0 
109138  102  8  1 93 1 0 0 2 CA 0 
109217  100  8  0 0 0 0 9C 1 FF 0 
109218  638  8  4D 4B 48 A 0 0 0 1 
109219  639  8  11 9F 10 0 0 0 0 0 
109227  101  8  0 FF 1 0 0 0 0 0 
109238  102  8  1 93 1 0 0 2 CA 0 
109317  100  8  0 0 0 0 9C 1 FF 0 
109318  638  8  4D 4B 48 A 0 0 0 0 
109319  639  8  11 9F 10 0 0 0 0 0 
109327  101  8  0 FF 1 0 0 0 0 0 
109337  102  8  1 93 1 0 0 2 CA 0 
109417  100  8  0 0 0 0 9C 1 FF 0 
109418  638  8  4D 4B 48 A 0 0 0 1 
109419  639  8  11 9F 10 0 0 0 0 0 
109427  101  8  0 FF 1 0 0 0 0 0 
109437  102  8  1 93 1 0 0 2 CA 0 
109517  100  8  0 0 0 0 9C 1 FF 0 
109518  638  8  4D 4B 48 A 0 0 0 0 
109519  639  8  11 9F 10 0 0 0 0 0 
109527  101  8  0 FF 1 0 0 0 0 0 
109538  102  8  1 93 1 0 0 2 CA 0 
109617  100  8  0 0 0 0 9C 1 FF 0 
109618  638  8  4D 4B 48 A 0 0 0 1 
109619  639  8  11 9F 10 0 0 0 0 0 
109627  101  8  0 FF 1 0 0 0 0 0 
109638  102  8  1 93 1 0 0 2 CA 0 
109717  100  8  0 0 0 0 9C 1 FF 0 
109718  638  8  4D 4B 48 A 0 0 0 0 
109719  639  8  11 9F 10 0 0 0 0 0 
109727  101  8  0 FF 1 0 0 0 0 0 
109737  102  8  1 93 1 0 0 2 CA 0 
109817  100  8  0 0 0 0 9C 1 FF 0 
109818  638  8  4D 4B 48 A 0 0 0 1 
109819  639  8  11 9F 10 0 0 0 0 0 
109827  101  8  0 FF 1 0 0 0 0 0 
109837  102  8  1 93 1 0 0 2 CA 0 
109917  100  8  0 0 0 0 9C 1 FF 0 
109918  638  8  4D 4B 48 A 0 0 0 0 
109919  639  8  11 9F 10 0 0 0 0 0 
109927  101  8  0 FF 1 0 0 0 0 0 
109938  102  8  1 93 1 0 0 2 CA 0 
110017  100  8  0 0 0 0 9C 1 FF 0 
110018  638  8  4D 4B 48 A 0 0 0 1 
110019  639  8  11 9F 10 0 0 0 0 0 
110027  101  8  0 FF 1 0 0 0 0 0 
110038  102  8  1 93 1 0 0 2 CA 0 
110117  100  8  0 0 0 0 9C 1 FF 0 
110118  638  8  4D 4B 48 A 0 0 0 0 
110119  639  8  11 9F 10 0 0 0 0 0 
110127  101  8  0 FF 1 0 0 0 0 0 
110137  102  8  1 93 1 0 0 2 CA 0 
110217  100  8  0 0 0 0 9C 1 FF 0 
110218  638  8  4D 4B 48 A 0 0 0 1 
110219  639  8  11 9F 10 0 0 0 0 0 
110227  101  8  0 FF 1 0 0 0 0 0 
110237  102  8  1 93 1 0 0 2 CA 0 
110317  100  8  0 0 0 0 9C 1 FF 0 
110318  638  8  4D 4B 48 A 0 0 0 0 
110319  639  8  11 9F 10 0 0 0 0 0 
110327  101  8  0 FF 1 0 0 0 0 0 
110338  102  8  1 93 1 0 0 2 CA 0 
110417  100  8  0 0 0 0 9C 1 FF 0 
110418  638  8  4D 4B 48 A 0 0 0 1 
110419  639  8  11 9F 10 0 0 0 0 0 
110427  101  8  0 FF 1 0 0 0 0 0 
110438  102  8  1 93 1 0 0 2 CA 0 
110517  100  8  0 0 0 0 9C 1 FF 0 
110518  638  8  4D 4B 48 A 0 0 0 0 
110519  639  8  11 9F 10 0 0 0 0 0 
110527  101  8  0 FF 1 0 0 0 0 0 
110537  102  8  1 93 1 0 0 2 CA 0 
110617  100  8  0 0 0 0 9C 1 FF 0 
110618  638  8  4D 4B 48 A 0 0 0 1 
110619  639  8  11 9F 10 0 0 0 0 0 
110627  101  8  0 FF 1 0 0 0 0 0 
110637  102  8  1 93 1 0 0 2 CA 0 
110717  100  8  0 0 0 0 9C 1 FF 0 
110718  638  8  4D 4B 48 A 0 0 0 0 
110719  639  8  11 9F 10 0 0 0 0 0 
110727  101  8  0 FF 1 0 0 0 0 0 
110738  102  8  1 93 1 0 0 2 CA 0 
110817  100  8  0 0 0 0 9C 1 FF 0 
110818  638  8  4D 4B 48 A 0 0 0 1 
110819  639  8  11 9F 10 0 0 0 0 0 
110827  101  8  0 FF 1 0 0 0 0 0 
110838  102  8  1 93 1 0 0 2 CA 0 
110917  100  8  0 0 0 0 9C 1 FF 0 
110918  638  8  4D 4B 48 A 0 0 0 0 
110919  639  8  11 9F 10 0 0 0 0 0 
110927  101  8  0 FF 1 0 0 0 0 0 
110937  102  8  1 93 1 0 0 2 CA 0 
111017  100  8  0 0 0 0 9C 1 FF 0 
111018  638  8  4D 4B 48 A 0 0 0 1 
111019  639  8  11 9F 10 0 0 0 0 0 
111027  101  8  0 FF 1 0 0 0 0 0 
111037  102  8  1 93 1 0 0 2 CA 0 
111117  100  8  0 0 0 0 9C 1 FF 0 
111118  638  8  4D 4B 48 A 0 0 0 0 
111119  639  8  11 9F 10 0 0 0 0 0 
111127  101  8  0 FF 1 0 0 0 0 0 
111138  102  8  1 93 1 0 0 2 CA 0 
111217  100  8  0 0 0 0 9C 1 FF 0 
111218  638  8  4D 4B 48 A 0 0 0 1 
111219  639  8  11 9F 10 0 0 0 0 0 
111227  101  8  0 FF 1 0 0 0 0 0 
111238  102  8  1 93 1 0 0 2 CA 0 
111317  100  8  0 0 0 0 9C 1 FF 0 
111318  638  8  4D 4B 48 A 0 0 0 0 
111319  639  8  11 9F 10 0 0 0 0 0 
111327  101  8  0 FF 1 0 0 0 0 0 
111337  102  8  1 93 1 0 0 2 CA 0 
111417  100  8  0 0 0 0 9C 1 FF 0 
111418  638  8  4D 4B 48 A 0 0 0 1 
111419  639  8  11 9F 10 0 0 0 0 0 
111427  101  8  0 FF 1 0 0 0 0 0 
111437  102  8  1 93 1 0 0 2 CA 0 
111517  100  8  0 0 0 0 9C 1 FF 0 
111518  638  8  4D 4B 48 A 0 0 0 0 
111519  639  8  11 9F 10 0 0 0 0 0 
111527  101  8  0 FF 1 0 0 0 0 0 
111538  102  8  1 93 1 0 0 2 CA 0 
111617  100  8  0 0 0 0 9C 1 FF 0 
111618  638  8  4D 4B 48 A 0 0 0 1 
111619  639  8  11 9F 10 0 0 0 0 0 
111627  101  8  0 FF 1 0 0 0 0 0 
111638  102  8  1 93 1 0 0 2 CA 0 
111717  100  8  0 0 0 0 9C 1 FF 0 
111718  638  8  4D 4B 48 A 0 0 0 0 
111719  639  8  11 9F 10 0 0 0 0 0 
111727  101  8  0 FF 1 0 0 0 0 0 
111737  102  8  1 93 1 0 0 2 CA 0 
111817  100  8  0 0 0 0 9C 1 FF 0 
111818  638  8  4D 4B 48 A 0 0 0 1 
111819  639  8  11 9F 10 0 0 0 0 0 
111827  101  8  0 FF 1 0 0 0 0 0 
111837  102  8  1 93 1 0 0 2 CA 0 
111917  100  8  0 0 0 0 9C 1 FF 0 
111918  638  8  4D 4B 48 A 0 0 0 0 
111919  639  8  11 9F 10 0 0 0 0 0 
111927  101  8  0 FF 1 0 0 0 0 0 
111938  102  8  1 93 1 0 0 2 CA 0 
112017  100  8  0 0 0 0 9C 1 FF 0 
112018  638  8  4D 4B 48 A 0 0 0 1 
112019  639  8  11 9F 10 0 0 0 0 0 
112027  101  8  0 FF 1 0 0 0 0 0 
112038  102  8  1 93 1 0 0 2 CA 0 
112117  100  8  0 0 0 0 9C 1 FF 0 
112118  638  8  4D 4B 48 A 0 0 0 0 
112119  639  8  11 9F 10 0 0 0 0 0 
112127  101  8  0 FF 1 0 0 0 0 0 
112137  102  8  1 93 1 0 0 2 CA 0 
112217  100  8  0 0 0 0 9C 1 FF 0 
112218  638  8  4D 4B 48 A 0 0 0 1 
112219  639  8  11 9F 10 0 0 0 0 0 
112227  101  8  0 FF 1 0 0 0 0 0 
112237  102  8  1 93 1 0 0 2 CA 0 
112317  100  8  0 0 0 0 9C 1 FF 0 
112318  638  8  4D 4B 48 A 0 0 0 0 
112319  639  8  11 9F 10 0 0 0 0 0 
112327  101  8  0 FF 1 0 0 0 0 0 
112338  102  8  1 93 1 0 0 2 CA 0 
112417  100  8  0 0 0 0 9C 1 FF 0 
112418  638  8  4D 4B 48 A 0 0 0 1 
112419  639  8  11 9F 10 0 0 0 0 0 
112427  101  8  0 FF 1 0 0 0 0 0 
112438  102  8  1 93 1 0 0 2 CA 0 
112517  100  8  0 0 0 0 9C 1 FF 0 
112518  638  8  4D 4B 48 A 0 0 0 0 
112519  639  8  11 9F 10 0 0 0 0 0 
112527  101  8  0 FF 1 0 0 0 0 0 
112537  102  8  1 93 1 0 0 2 CA 0 
112617  100  8  0 0 0 0 9C 1 FF 0 
112618  638  8  4D 4B 48 A 0 0 0 1 
112619  639  8  11 9F 10 0 0 0 0 0 
112627  101  8  0 FF 1 0 0 0 0 0 
112637  102  8  1 93 1 0 0 2 CA 0 
112717  100  8  0 0 0 0 9C 1 FF 0 
112718  638  8  4D 4B 48 A 0 0 0 0 
112719  639  8  11 9F 10 0 0 0 0 0 
112727  101  8  0 FF 1 0 0 0 0 0 
112738  102  8  1 93 1 0 0 2 CA 0 
112817  100  8  0 0 0 0 9C 1 FF 0 
112818  638  8  4D 4B 48 A 0 0 0 1 
112819  639  8  11 9F 10 0 0 0 0 0 
112827  101  8  0 FF 1 0 0 0 0 0 
112838  102  8  1 93 1 0 0 2 CA 0 
112917  100  8  0 0 0 0 9C 1 FF 0 
112918  638  8  4D 4B 48 A 0 0 0 0 
112919  639  8  11 9F 10 0 0 0 0 0 
112927  101  8  0 FF 1 0 0 0 0 0 
112937  102  8  1 93 1 0 0 2 CA 0 
113017  100  8  0 0 0 0 9C 1 FF 0 
113018  638  8  4D 4B 48 A 0 0 0 1 
113019  639  8  11 9F 10 0 0 0 0 0 
113027  101  8  0 FF 1 0 0 0 0 0 
113037  102  8  1 93 1 0 0 2 CA 0 
113117  100  8  0 0 0 0 9C 1 FF 0 
113118  638  8  4D 4B 48 A 0 0 0 0 
113119  639  8  11 9F 10 0 0 0 0 0 
113127  101  8  0 FF 1 0 0 0 0 0 
113138  102  8  1 93 1 0 0 2 CA 0 
113217  100  8  0 0 0 0 9C 1 FF 0 
113218  638  8  4D 4B 48 A 0 0 0 1 
113219  639  8  11 9F 10 0 0 0 0 0 
113227  101  8  0 FF 1 0 0 0 0 0 
113238  102  8  1 93 1 0 0 2 CA 0 
113317  100  8  0 0 0 0 9C 1 FF 0 
113318  638  8  4D 4B 48 A 0 0 0 0 
113319  639  8  11 9F 10 0 0 0 0 0 
113327  101  8  0 FF 1 0 0 0 0 0 
113337  102  8  1 93 1 0 0 2 CA 0 
113417  100  8  0 0 0 0 9C 1 FF 0 
113418  638  8  4D 4B 48 A 0 0 0 1 
113419  639  8  11 9F 10 0 0 0 0 0 
113427  101  8  0 FF 1 0 0 0 0 0 
113437  102  8  1 93 1 0 0 2 CA 0 
113517  100  8  0 0 0 0 9C 1 FF 0 
113518  638  8  4D 4B 48 A 0 0 0 0 
113519  639  8  11 9F 10 0 0 0 0 0 
113527  101  8  0 FF 1 0 0 0 0 0 
113538  102  8  1 93 1 0 0 2 CA 0 
113617  100  8  0 0 0 0 9C 1 FF 0 
113618  638  8  4D 4B 48 A 0 0 0 1 
113619  639  8  11 9F 10 0 0 0 0 0 
113627  101  8  0 FF 1 0 0 0 0 0 
113638  102  8  1 93 1 0 0 0 CA 0 
113717  100  8  0 0 0 0 9C 1 FF 0 
113718  638  8  4D 4B 48 A 0 0 0 0 
113719  639  8  11 9F 10 0 0 0 0 0 
113727  101  8  0 FF 1 0 0 0 0 0 
113737  102  8  1 93 1 0 0 0 CA 0 
113817  100  8  0 0 0 0 9C 1 FF 0 
113818  638  8  4D 4B 48 A 0 0 0 1 
113819  639  8  11 9F 10 0 0 0 0 0 
113827  101  8  0 FF 1 0 0 0 0 0 
113837  102  8  1 93 1 0 0 0 CA 0 
113917  100  8  0 0 0 0 9C 1 FF 0 
113918  638  8  4D 4B 48 A 0 0 0 0 
113919  639  8  11 9F 10 0 0 0 0 0 
113927  101  8  0 FF 1 0 0 0 0 0 
113938  102  8  1 93 1 0 0 0 CA 0 
114017  100  8  0 0 0 0 9C 1 FF 0 
114018  638  8  4D 4B 48 A 0 0 0 1 
114019  639  8  11 9F 10 0 0 0 0 0 
114027  101  8  0 FF 1 0 0 0 0 0 
114038  102  8  1 93 1 0 0 0 CA 0 
114117  100  8  0 0 0 0 9C 1 FF 0 
114118  638  8  4D 4B 48 A 0 0 0 0 
114119  639  8  11 9F 10 0 0 0 0 0 
114127  101  8  0 FF 1 0 0 0 0 0 
114137  102  8  1 93 1 0 0 0 CA 0 
114217  100  8  0 0 0 0 9C 1 FF 0 
114218  638  8  4D 4B 48 A 0 0 0 1 
114219  639  8  11 9F 10 0 0 0 0 0 
114227  101  8  0 FF 1 0 0 0 0 0 
114237  102  8  1 93 1 0 0 0 CA 0 
114317  100  8  0 0 0 0 9C 1 FF 0 
114318  638  8  4D 4B 48 A 0 0 0 0 
114319  639  8  11 9F 10 0 0 0 0 0 
114327  101  8  0 FF 1 0 0 0 0 0 
114338  102  8  1 93 1 0 0 0 CA 0 
114417  100  8  0 0 0 0 9C 1 FF 0 
114418  638  8  4D 4B 48 A 0 0 0 1 
114419  639  8  11 9F 10 0 0 0 0 0 
114427  101  8  0 FF 1 0 0 0 0 0 
114438  102  8  1 93 1 0 0 0 CA 0 
114517  100  8  0 0 0 0 9C 1 FF 0 
114518  638  8  4D 4B 48 A 0 0 0 0 
114519  639  8  11 9F 10 0 0 0 0 0 
114527  101  8  0 FF 1 0 0 0 0 0 
114537  102  8  1 93 1 0 0 0 CA 0 
114617  100  8  0 0 0 0 9C 1 FF 0 
114618  638  8  4D 4B 48 A 0 0 0 1 
114619  639  8  11 9F 10 0 0 0 0 0 
114627  101  8  0 FF 1 0 0 0 0 0 
114637  102  8  1 93 1 0 0 0 CA 0 
114717  100  8  0 0 0 0 9C 1 FF 0 
114718  638  8  4D 4B 48 A 0 0 0 0 
114719  639  8  11 9F 10 0 0 0 0 0 
114727  101  8  0 FF 1 0 0 0 0 0 
114738  102  8  1 93 1 0 0 0 CA 0 
114817  100  8  0 0 0 0 9C 1 FF 0 
114818  638  8  4D 4B 48 A 0 0 0 1 
114819  639  8  11 9F 10 0 0 0 0 0 
114827  101  8  0 FF 1 0 0 0 0 0 
114837  102  8  1 93 1 0 0 0 CA 0 
114917  100  8  0 0 0 0 9C 1 FF 0 
114918  638  8  4D 4B 48 A 0 0 0 0 
114919  639  8  11 9F 10 0 0 0 0 0 
114927  101  8  0 FF 1 0 0 0 0 0 
114937  102  8  1 93 1 0 0 0 CA 0 
115017  100  8  0 0 0 0 9C 1 FF 0 
115018  638  8  4D 4B 48 A 0 0 0 1 
115019  639  8  11 9F 10 0 0 0 0 0 
115027  101  8  0 FF 1 0 0 0 0 0 
115037  102  8  1 93 1 0 0 0 CA 0 
115117  100  8  0 0 0 0 9C 1 FF 0 
115118  638  8  4D 4B 48 A 0 0 0 0 
115119  639  8  11 9F 10 0 0 0 0 0 
115127  101  8  0 FF 1 0 0 0 0 0 
115137  102  8  1 93 1 0 0 0 CA 0 
115217  100  8  0 0 0 0 9C 1 FF 0 
115218  638  8  4D 4B 48 A 0 0 0 1 
115219  639  8  11 9F 10 0 0 0 0 0 
115227  101  8  0 FF 1 0 0 0 0 0 
115237  102  8  1 93 1 0 0 0 CA 0 
115317  100  8  0 0 0 0 9C 1 FF 0 
115318  638  8  4D 4B 48 A 0 0 0 0 
115319  639  8  11 9F 10 0 0 0 0 0 
115327  101  8  0 FF 1 0 0 0 0 0 
115337  102  8  1 93 1 0 0 0 CA 0 
115417  100  8  0 0 0 0 9C 1 FF 0 
115418  638  8  4D 4B 48 A 0 0 0 1 
115419  639  8  11 9F 10 0 0 0 0 0 
115427  101  8  0 FF 1 0 0 0 0 0 
115437  102  8  1 93 1 0 0 0 CA 0 
115517  100  8  0 0 0 0 9C 1 FF 0 
115518  638  8  4D 4B 48 A 0 0 0 0 
115519  639  8  11 9F 10 0 0 0 0 0 
115527  101  8  0 FF 1 0 0 0 0 0 
115537  102  8  1 93 1 0 0 0 CA 0 
115617  100  8  0 0 0 0 9C 1 FF 0 
115618  638  8  4D 4B 48 A 0 0 0 1 
115619  639  8  11 9F 10 0 0 0 0 0 
E (120316) wifi:sta is connecting, return error
133089  100  8  0 0 0 0 9C 1 FF 0 
133090  638  8  4D 4B 48 A 0 0 0 1 
133091  639  8  11 9F 0 0 0 0 0 0 
133098  101  8  0 0 0 0 0 0 0 0 
133109  102  8  1 93 1 0 0 0 CA 0 
133189  100  8  0 0 0 0 9C 1 FF 0 
133190  638  8  4D 4B 48 A 0 0 0 0 
133191  639  8  11 9F 0 0 0 0 0 0 
133198  101  8  0 0 0 0 0 0 0 0 
133209  102  8  1 93 1 0 0 0 CA 0 
133289  100  8  0 0 0 0 9C 1 FF 0 
133290  638  8  4D 4B 48 A 0 0 0 1 
133291  639  8  11 9F 0 0 0 0 0 0 
133298  101  8  0 0 0 0 0 0 0 0 
133309  102  8  1 93 1 0 0 0 CA 0 
133389  100  8  0 0 0 0 9C 1 FF 0 
133390  638  8  4D 4B 48 A 0 0 0 0 
133391  639  8  11 9F 0 0 0 0 0 0 
133399  101  8  0 0 0 0 0 0 0 0 
133409  102  8  1 93 1 0 0 0 CA 0 
133490  100  8  0 0 0 0 9C 1 FF 0 
133491  638  8  4D 4B 48 A 0 0 0 1 
133492  639  8  11 9F 0 0 0 0 0 0 
133500  101  8  0 0 0 0 0 0 0 0 
133510  102  8  1 93 1 0 0 0 CA 0 
133590  100  8  0 0 0 0 9C 1 FF 0 
133591  638  8  4D 4B 48 A 0 0 0 0 
133592  639  8  11 9F 0 0 0 0 0 0 
133599  101  8  0 0 0 0 0 0 0 0 
133610  102  8  1 93 1 0 0 0 CA 0 
133690  100  8  0 0 0 0 9C 1 FF 0 
133691  638  8  4D 4B 48 A 0 0 0 1 
133692  639  8  11 9F 0 0 0 0 0 0 
133699  101  8  0 0 0 0 0 0 0 0 
133710  102  8  1 93 1 0 0 0 CA 0 
133790  100  8  0 0 0 0 9C 1 FF 0 
133791  638  8  4D 4B 48 A 0 0 0 0 
133792  639  8  11 9F 0 0 0 0 0 0 
133800  101  8  0 0 0 0 0 0 0 0 
133810  102  8  1 93 1 0 0 0 CA 0 
133890  100  8  0 0 0 0 9C 1 FF 0 
133891  638  8  4D 4B 48 A 0 0 0 1 
133892  639  8  11 9F 0 0 0 0 0 0 
133900  101  8  0 0 0 0 0 0 0 0 
133910  102  8  1 93 1 0 0 0 CA 0 
133990  100  8  0 0 0 0 9C 1 FF 0 
133991  638  8  4D 4B 48 A 0 0 0 0 
133992  639  8  11 9F 10 0 0 0 0 0 
133999  101  8  0 0 0 0 0 0 0 0 
134010  102  8  1 93 1 0 0 0 CA 0 
134090  100  8  0 0 0 0 9C 1 FF 0 
134091  638  8  4D 4B 48 A 0 0 0 1 
134092  639  8  11 9F 10 0 0 0 0 0 
134099  101  8  0 0 0 0 0 0 0 0 
134110  102  8  1 93 1 0 0 0 CA 0 
134190  100  8  0 0 0 0 9C 1 FF 0 
134191  638  8  4D 4B 48 A 0 0 0 0 
134192  639  8  11 9F 10 0 0 0 0 0 
134200  101  8  0 0 0 0 0 0 0 0 
134210  102  8  1 93 1 0 0 0 CA 0 
134290  100  8  0 0 0 0 9C 1 FF 0 
134291  638  8  4D 4B 48 A 0 0 0 1 
134292  639  8  11 9F 10 0 0 0 0 0 
134300  101  8  0 0 0 0 0 0 0 0 
134310  102  8  1 93 1 0 0 0 CA 0 
134390  100  8  0 0 0 0 9C 1 FF 0 
134391  638  8  4D 4B 48 A 0 0 0 0 
134392  639  8  11 9F 10 0 0 0 0 0 
134399  101  8  0 0 0 0 0 0 0 0 
134410  102  8  1 93 1 0 0 0 CA 0 
134490  100  8  0 0 0 0 9C 1 FF 0 
134491  638  8  4D 4B 48 A 0 0 0 1 
134492  639  8  11 9F 10 0 0 0 0 0 
134499  101  8  0 0 0 0 0 0 0 0 
134510  102  8  1 93 1 0 0 0 CA 0 
134590  100  8  0 0 0 0 9C 1 FF 0 
134591  638  8  4D 4B 48 A 0 0 0 0 
134592  639  8  11 9F 10 0 0 0 0 0 
134599  101  8  0 0 0 0 0 0 0 0 
134610  102  8  1 93 1 0 0 0 CA 0 
134690  100  8  0 0 0 0 9C 1 FF 0 
134691  638  8  4D 4B 48 A 0 0 0 1 
134692  639  8  11 9F 10 0 0 0 0 0 
134700  101  8  0 0 0 0 0 0 0 0 
134710  102  8  1 93 1 0 0 0 CA 0 
134790  100  8  0 0 0 0 9C 1 FF 0 
134791  638  8  4D 4B 48 A 0 0 0 0 
134792  639  8  11 9F 10 0 0 0 0 0 
134799  101  8  0 0 0 0 0 0 0 0 
134810  102  8  1 93 1 0 0 0 CA 0 
134890  100  8  0 0 0 0 9C 1 FF 0 
134891  638  8  4D 4B 48 A 0 0 0 1 
134892  639  8  11 9F 10 0 0 0 0 0 
134899  101  8  0 0 0 0 0 0 0 0 
134910  102  8  1 93 1 0 0 0 CA 0 
134990  100  8  0 0 0 0 9C 1 FF 0 
134991  638  8  4D 4B 48 A 0 0 0 0 
134992  639  8  11 9F 10 0 0 0 0 0 
134999  101  8  0 0 0 0 0 0 0 0 
135010  102  8  1 93 1 0 0 0 CA 0 
E (135317) wifi:sta is connecting, return error
135090  100  8  0 0 0 0 9C 1 FF 0 
135091  638  8  4D 4B 48 A 0 0 0 1 
135092  639  8  11 9F 10 0 0 0 0 0 
135100  101  8  0 0 0 0 0 0 0 0 
135110  102  8  1 93 1 0 0 0 CA 0 
135190  100  8  0 0 0 0 9C 1 FF 0 
135191  638  8  4D 4B 48 A 0 0 0 0 
135192  639  8  11 9F 10 0 0 0 0 0 
135199  101  8  0 0 0 0 0 0 0 0 
135210  102  8  1 93 1 0 0 0 CA 0 
135290  100  8  0 0 0 0 9C 1 FF 0 
135291  638  8  4D 4B 48 A 0 0 0 1 
135292  639  8  11 9F 10 0 0 0 0 0 
135299  101  8  0 0 0 0 0 0 0 0 
135310  102  8  1 93 1 0 0 0 CA 0 
135390  100  8  0 0 0 0 9C 1 FF 0 
135391  638  8  4D 4B 48 A 0 0 0 0 
135392  639  8  11 9F 10 0 0 0 0 0 
135399  101  8  0 0 0 0 0 0 0 0 
135410  102  8  1 93 1 0 0 0 CA 0 
135490  100  8  0 0 0 0 9C 1 FF 0 
135491  638  8  4D 4B 48 A 0 0 0 1 
135492  639  8  11 9F 10 0 0 0 0 0 
135500  101  8  0 0 0 0 0 0 0 0 
135510  102  8  1 93 1 0 0 0 CA 0 
135590  100  8  0 0 0 0 9C 1 FF 0 
135591  638  8  4D 4B 48 A 0 0 0 0 
135592  639  8  11 9F 10 0 0 0 0 0 
135599  101  8  0 0 0 0 0 0 0 0 
135610  102  8  1 93 1 0 0 0 CA 0 
135690  100  8  0 0 0 0 9C 1 FF 0 
135691  638  8  4D 4B 48 A 0 0 0 1 
135692  639  8  11 9F 10 0 0 0 0 0 
135699  101  8  0 0 0 0 0 0 0 0 
135710  102  8  1 93 1 0 0 0 CA 0 
135790  100  8  0 0 0 0 9C 1 FF 0 
135791  638  8  4D 4B 48 A 0 0 0 0 
135792  639  8  11 9F 10 0 0 0 0 0 
135799  101  8  0 0 0 0 0 0 0 0 
135810  102  8  1 93 1 0 0 0 CA 0 
135890  100  8  0 0 0 0 9C 1 FF 0 
135891  638  8  4D 4B 48 A 0 0 0 1 
135892  639  8  11 9F 10 0 0 0 0 0 
135899  101  8  0 0 0 0 0 0 0 0 
135910  102  8  1 93 1 0 0 0 CA 0 
135990  100  8  0 0 0 0 9C 1 FF 0 
135991  638  8  4D 4B 48 A 0 0 0 0 
135992  639  8  11 9F 10 0 0 0 0 0 
135999  101  8  0 0 0 0 0 0 0 0 
136010  102  8  1 93 1 0 0 0 CA 0 
136090  100  8  0 0 0 0 9C 1 FF 0 
136091  638  8  4D 4B 48 A 0 0 0 1 
136092  639  8  11 9F 10 0 0 0 0 0 
136099  101  8  0 0 0 0 0 0 0 0 
136110  102  8  1 93 1 0 0 0 CA 0 
136190  100  8  0 0 0 0 9C 1 FF 0 
136191  638  8  4D 4B 48 A 0 0 0 0 
136192  639  8  11 9F 10 0 0 0 0 0 
136199  101  8  0 0 0 0 0 0 0 0 
136210  102  8  1 93 1 0 0 0 CA 0 
136290  100  8  0 0 0 0 9C 1 FF 0 
136291  638  8  4D 4B 48 A 0 0 0 1 
136292  639  8  11 9F 10 0 0 0 0 0 
136299  101  8  0 0 0 0 0 0 0 0 
136310  102  8  1 93 1 0 0 0 CA 0 
136390  100  8  0 0 0 0 9C 1 FF 0 
136391  638  8  4D 4B 48 A 0 0 0 0 
136392  639  8  11 9F 10 0 0 0 0 0 
136399  101  8  0 0 0 0 0 0 0 0 
136410  102  8  1 93 1 0 0 0 CA 0 
136490  100  8  0 0 0 0 9C 1 FF 0 
136491  638  8  4D 4B 48 A 0 0 0 1 
136492  639  8  11 9F 10 0 0 0 0 0 
136499  101  8  0 0 0 0 0 0 0 0 
136510  102  8  1 93 1 0 0 0 CA 0 
136590  100  8  0 0 0 0 9C 1 FF 0 
136591  638  8  4D 4B 48 A 0 0 0 0 
136592  639  8  11 9F 10 0 0 0 0 0 
136599  101  8  0 0 0 0 0 0 0 0 
136610  102  8  1 93 1 0 0 0 CA 0 
136690  100  8  0 0 0 0 9C 1 FF 0 
136691  638  8  4D 4B 48 A 0 0 0 1 
136692  639  8  11 9F 10 0 0 0 0 0 
136699  101  8  0 0 0 0 0 0 0 0 
136710  102  8  1 93 1 0 0 0 CA 0 
136790  100  8  0 0 0 0 9C 1 FF 0 
136791  638  8  4D 4B 48 A 0 0 0 0 
136792  639  8  11 9F 10 0 0 0 0 0 
136799  101  8  0 0 0 0 0 0 0 0 
136810  102  8  1 93 1 0 0 0 CA 0 
136890  100  8  0 0 0 0 9C 1 FF 0 
136891  638  8  4D 4B 48 A 0 0 0 1 
136892  639  8  11 9F 10 0 0 0 0 0 
136899  101  8  0 0 0 0 0 0 0 0 
136910  102  8  1 93 1 0 0 0 CA 0 
136990  100  8  0 0 0 0 9C 1 FF 0 
136991  638  8  4D 4B 48 A 0 0 0 0 
136992  639  8  11 9F 10 0 0 0 0 0 
136999  101  8  0 0 0 0 0 0 0 0 
137010  102  8  1 93 1 0 0 0 CA 0 
137090  100  8  0 0 0 0 9C 1 FF 0 
137091  638  8  4D 4B 48 A 0 0 0 1 
137092  639  8  11 9F 10 0 0 0 0 0 
137099  101  8  0 0 0 0 0 0 0 0 
137110  102  8  1 93 1 0 0 0 CA 0 
137190  100  8  0 0 0 0 9C 1 FF 0 
137191  638  8  4D 4B 48 A 0 0 0 0 
137192  639  8  11 9F 10 0 0 0 0 0 
137199  101  8  0 0 0 0 0 0 0 0 
137210  102  8  1 93 1 0 0 0 CA 0 
137290  100  8  0 0 0 0 9C 1 FF 0 
137291  638  8  4D 4B 48 A 0 0 0 1 
137292  639  8  11 9F 10 0 0 0 0 0 
137299  101  8  0 0 0 0 0 0 0 0 
137310  102  8  1 93 1 0 0 0 CA 0 
137390  100  8  0 0 0 0 9C 1 FF 0 
137391  638  8  4D 4B 48 A 0 0 0 0 
137392  639  8  11 9F 10 0 0 0 0 0 
137399  101  8  0 0 0 0 0 0 0 0 
137410  102  8  1 93 1 0 0 0 CA 0 
137490  100  8  0 0 0 0 9C 1 FF 0 
137491  638  8  4D 4B 48 A 0 0 0 1 
137492  639  8  11 9F 10 0 0 0 0 0 
137499  101  8  0 0 0 0 0 0 0 0 
137510  102  8  1 93 1 0 0 0 CA 0 
137590  100  8  0 0 0 0 9C 1 FF 0 
137591  638  8  4D 4B 48 A 0 0 0 0 
137592  639  8  11 9F 10 0 0 0 0 0 
137599  101  8  0 0 0 0 0 0 0 0 
137610  102  8  1 93 1 0 0 0 CA 0 
137690  100  8  0 0 0 0 9C 1 FF 0 
137691  638  8  4D 4B 48 A 0 0 0 1 
137692  639  8  11 9F 10 0 0 0 0 0 
137699  101  8  0 0 0 0 0 0 0 0 
137710  102  8  1 93 1 0 0 0 CA 0 
137790  100  8  0 0 0 0 9C 1 FF 0 
137791  638  8  4D 4B 48 A 0 0 0 0 
137792  639  8  11 9F 10 0 0 0 0 0 
137799  101  8  0 0 0 0 0 0 0 0 
137810  102  8  1 93 1 0 0 0 CA 0 
137890  100  8  0 0 0 0 9C 1 FF 0 
137891  638  8  4D 4B 48 A 0 0 0 1 
137892  639  8  11 9F 10 0 0 0 0 0 
137900  101  8  0 0 0 0 0 0 0 0 
137910  102  8  1 93 1 0 0 0 CA 0 
137990  100  8  0 0 0 0 9C 1 FF 0 
137991  638  8  4D 4B 48 A 0 0 0 0 
137992  639  8  11 9F 10 0 0 0 0 0 
137999  101  8  0 0 0 0 0 0 0 0 
138010  102  8  1 93 1 0 0 0 CA 0 
138090  100  8  0 0 0 0 9C 1 FF 0 
138091  638  8  4D 4B 48 A 0 0 0 1 
138092  639  8  11 9F 10 0 0 0 0 0 
138099  101  8  0 0 0 0 0 0 0 0 
138110  102  8  1 93 1 0 0 0 CA 0 
138190  100  8  0 0 0 0 9C 1 FF 0 
138191  638  8  4D 4B 48 A 0 0 0 0 
138192  639  8  11 9F 10 0 0 0 0 0 
138199  101  8  0 0 0 0 0 0 0 0 
138210  102  8  1 93 1 0 0 0 CA 0 
138290  100  8  0 0 0 0 9C 1 FF 0 
138291  638  8  4D 4B 48 A 0 0 0 1 
138292  639  8  11 9F 10 0 0 0 0 0 
138299  101  8  0 0 0 0 0 0 0 0 
138310  102  8  1 93 1 0 0 0 CA 0 
138390  100  8  0 0 0 0 9C 1 FF 0 
138391  638  8  4D 4B 48 A 0 0 0 0 
138392  639  8  11 9F 10 0 0 0 0 0 
138399  101  8  0 0 0 0 0 0 0 0 
138410  102  8  1 93 1 0 0 0 CA 0 
138490  100  8  0 0 0 0 9C 1 FF 0 
138491  638  8  4D 4B 48 A 0 0 0 1 
138492  639  8  11 9F 10 0 0 0 0 0 
138499  101  8  0 0 0 0 0 0 0 0 
138510  102  8  1 93 1 0 0 0 CA 0 
138590  100  8  0 0 0 0 9C 1 FF 0 
138591  638  8  4D 4B 48 A 0 0 0 0 
138592  639  8  11 9F 10 0 0 0 0 0 
138599  101  8  0 0 0 0 0 0 0 0 
138610  102  8  1 93 1 0 0 0 CA 0 
138690  100  8  0 0 0 0 9C 1 FF 0 
138691  638  8  4D 4B 48 A 0 0 0 1 
138692  639  8  11 9F 10 0 0 0 0 0 
138699  101  8  0 0 0 0 0 0 0 0 
138710  102  8  1 93 1 0 0 0 CA 0 
138790  100  8  0 0 0 0 9C 1 FF 0 
138791  638  8  4D 4B 48 A 0 0 0 0 
138792  639  8  11 9F 10 0 0 0 0 0 
138799  101  8  0 0 0 0 0 0 0 0 
138810  102  8  1 93 1 0 0 0 CA 0 
138890  100  8  0 0 0 0 9C 1 FF 0 
138891  638  8  4D 4B 48 A 0 0 0 1 
138892  639  8  11 9F 10 0 0 0 0 0 
138899  101  8  0 0 0 0 0 0 0 0 
138910  102  8  1 93 1 0 0 0 CA 0 
138990  100  8  0 0 0 0 9C 1 FF 0 
138991  638  8  4D 4B 48 A 0 0 0 0 
138992  639  8  11 9F 10 0 0 0 0 0 
138999  101  8  0 0 0 0 0 0 0 0 
139010  102  8  1 93 1 0 0 0 CA 0 
139090  100  8  0 0 0 0 9C 1 FF 0 
139091  638  8  4D 4B 48 A 0 0 0 1 
139092  639  8  11 9F 10 0 0 0 0 0 
139099  101  8  0 0 0 0 0 0 0 0 
139110  102  8  1 93 1 0 0 0 CA 0 
139190  100  8  0 0 0 0 9C 1 FF 0 
139191  638  8  4D 4B 48 A 0 0 0 0 
139192  639  8  11 9F 10 0 0 0 0 0 
139199  101  8  0 0 0 0 0 0 0 0 
139210  102  8  1 93 1 0 0 0 CA 0 
139290  100  8  0 0 0 0 9C 1 FF 0 
139291  638  8  4D 4B 48 A 0 0 0 1 
139292  639  8  11 9F 10 0 0 0 0 0 
139299  101  8  0 0 0 0 0 0 0 0 
139310  102  8  1 93 1 0 0 0 CA 0 
139390  100  8  0 0 0 0 9C 1 FF 0 
139391  638  8  4D 4B 48 A 0 0 0 0 
139392  639  8  11 9F 10 0 0 0 0 0 
139399  101  8  0 0 0 0 0 0 0 0 
139410  102  8  1 93 1 0 0 0 CA 0 
139490  100  8  0 0 0 0 9C 1 FF 0 
139491  638  8  4D 4B 48 A 0 0 0 1 
139492  639  8  11 9F 10 0 0 0 0 0 
139499  101  8  0 0 0 0 0 0 0 0 
139510  102  8  1 93 1 0 0 0 CA 0 
139590  100  8  0 0 0 0 9C 1 FF 0 
139591  638  8  4D 4B 48 A 0 0 0 0 
139592  639  8  11 9F 10 0 0 0 0 0 
139599  101  8  0 0 0 0 0 0 0 0 
139610  102  8  1 93 1 0 0 0 CA 0 
139690  100  8  0 0 0 0 9C 1 FF 0 
139691  638  8  4D 4B 48 A 0 0 0 1 
139692  639  8  11 9F 10 0 0 0 0 0 
139699  101  8  0 0 0 0 0 0 0 0 
139710  102  8  1 93 1 0 0 0 CA 0 
139790  100  8  0 0 0 0 9C 1 FF 0 
139791  638  8  4D 4B 48 A 0 0 0 0 
139792  639  8  11 9F 10 0 0 0 0 0 
139799  101  8  0 0 0 0 0 0 0 0 
139810  102  8  1 93 1 0 0 0 CA 0 
139890  100  8  0 0 0 0 9C 1 FF 0 
139891  638  8  4D 4B 48 A 0 0 0 1 
139892  639  8  11 9F 10 0 0 0 0 0 
139899  101  8  0 0 0 0 0 0 0 0 
139910  102  8  1 93 1 0 0 0 CA 0 
139990  100  8  0 0 0 0 9C 1 FF 0 
139991  638  8  4D 4B 48 A 0 0 0 0 
139992  639  8  11 9F 10 0 0 0 0 0 
139999  101  8  0 0 0 0 0 0 0 0 
140010  102  8  1 93 1 0 0 0 CA 0 
140090  100  8  0 0 0 0 9C 1 FF 0 
140091  638  8  4D 4B 48 A 0 0 0 1 
140092  639  8  11 9F 10 0 0 0 0 0 
140099  101  8  0 0 0 0 0 0 0 0 
140110  102  8  1 93 1 0 0 0 CA 0 
140190  100  8  0 0 0 0 9C 1 FF 0 
140191  638  8  4D 4B 48 A 0 0 0 0 
140192  639  8  11 9F 10 0 0 0 0 0 
140199  101  8  0 0 0 0 0 0 0 0 
140210  102  8  1 93 1 0 0 0 CA 0 
140290  100  8  0 0 0 0 9C 1 FF 0 
140291  638  8  4D 4B 48 A 0 0 0 1 
140292  639  8  11 9F 10 0 0 0 0 0 
140299  101  8  0 0 0 0 0 0 0 0 
140310  102  8  1 93 1 0 0 0 CA 0 
140390  100  8  0 0 0 0 9C 1 FF 0 
140391  638  8  4D 4B 48 A 0 0 0 0 
140392  639  8  11 9F 10 0 0 0 0 0 
140399  101  8  0 0 0 0 0 0 0 0 
140410  102  8  1 93 1 0 0 0 CA 0 
140490  100  8  0 0 0 0 9C 1 FF 0 
140491  638  8  4D 4B 48 A 0 0 0 1 
140492  639  8  11 9F 10 0 0 0 0 0 
140499  101  8  0 0 0 0 0 0 0 0 
140510  102  8  1 93 1 0 0 0 CA 0 
140590  100  8  0 0 0 0 9C 1 FF 0 
140591  638  8  4D 4B 48 A 0 0 0 0 
140592  639  8  11 9F 10 0 0 0 0 0 
140599  101  8  0 0 0 0 0 0 0 0 
140610  102  8  1 93 1 0 0 0 CA 0 
140690  100  8  0 0 0 0 9C 1 FF 0 
140691  638  8  4D 4B 48 A 0 0 0 1 
140692  639  8  11 9F 10 0 0 0 0 0 
140699  101  8  0 0 0 0 0 0 0 0 
140710  102  8  1 93 1 0 0 0 CA 0 
140790  100  8  0 0 0 0 9C 1 FF 0 
140791  638  8  4D 4B 48 A 0 0 0 0 
140792  639  8  11 9F 10 0 0 0 0 0 
140799  101  8  0 0 0 0 0 0 0 0 
140810  102  8  1 93 1 0 0 0 CA 0 
140890  100  8  0 0 0 0 9C 1 FF 0 
140891  638  8  4D 4B 48 A 0 0 0 1 
140892  639  8  11 9F 10 0 0 0 0 0 
140899  101  8  0 0 0 0 0 0 0 0 
140910  102  8  1 93 1 0 0 0 CA 0 
140990  100  8  0 0 0 0 9C 1 FF 0 
140991  638  8  4D 4B 48 A 0 0 0 0 
140992  639  8  11 9F 10 0 0 0 0 0 
140999  101  8  0 0 0 0 0 0 0 0 
141010  102  8  1 93 1 0 0 0 CA 0 
141090  100  8  0 0 0 0 9C 1 FF 0 
141091  638  8  4D 4B 48 A 0 0 0 1 
141092  639  8  11 9F 10 0 0 0 0 0 
141099  101  8  0 0 0 0 0 0 0 0 
141110  102  8  1 93 1 0 0 0 CA 0 
141190  100  8  0 0 0 0 9C 1 FF 0 
141191  638  8  4D 4B 48 A 0 0 0 0 
141192  639  8  11 9F 10 0 0 0 0 0 
141199  101  8  0 0 0 0 0 0 0 0 
141210  102  8  1 93 1 0 0 0 CA 0 
141290  100  8  0 0 0 0 9C 1 FF 0 
141291  638  8  4D 4B 48 A 0 0 0 1 
141292  639  8  11 9F 10 0 0 0 0 0 
141299  101  8  0 0 0 0 0 0 0 0 
141310  102  8  1 93 1 0 0 0 CA 0 
141390  100  8  0 0 0 0 9C 1 FF 0 
141391  638  8  4D 4B 48 A 0 0 0 0 
141392  639  8  11 9F 10 0 0 0 0 0 
141399  101  8  0 0 0 0 0 0 0 0 
141410  102  8  1 93 1 0 0 0 CA 0 
141490  100  8  0 0 0 0 9C 1 FF 0 
141491  638  8  4D 4B 48 A 0 0 0 1 
141492  639  8  11 9F 10 0 0 0 0 0 
141499  101  8  0 0 0 0 0 0 0 0 
141510  102  8  1 93 1 0 0 0 CA 0 
141590  100  8  0 0 0 0 9C 1 FF 0 
141591  638  8  4D 4B 48 A 0 0 0 0 
141592  639  8  11 9F 10 0 0 0 0 0 
141599  101  8  0 0 0 0 0 0 0 0 
141610  102  8  1 93 1 0 0 0 CA 0 
141690  100  8  0 0 0 0 9C 1 FF 0 
141691  638  8  4D 4B 48 A 0 0 0 1 
141692  639  8  11 9F 10 0 0 0 0 0 
141699  101  8  0 0 0 0 0 0 0 0 
141710  102  8  1 93 1 0 0 0 CA 0 
141790  100  8  0 0 0 0 9C 1 FF 0 
141791  638  8  4D 4B 48 A 0 0 0 0 
141792  639  8  11 9F 10 0 0 0 0 0 
141799  101  8  0 0 0 0 0 0 0 0 
141810  102  8  1 93 1 0 0 0 CA 0 
141890  100  8  0 0 0 0 9C 1 FF 0 
141891  638  8  4D 4B 48 A 0 0 0 1 
141892  639  8  11 9F 10 0 0 0 0 0 
141899  101  8  0 0 0 0 0 0 0 0 
141910  102  8  1 93 1 0 0 0 CA 0 
141990  100  8  0 0 0 0 9C 1 FF 0 
141991  638  8  4D 4B 48 A 0 0 0 0 
141992  639  8  11 9F F 0 0 0 0 0 
141999  101  8  0 0 0 0 0 0 0 0 
142010  102  8  1 93 1 0 0 0 CA 0 
142090  100  8  0 0 0 0 9C 1 FF 0 
142091  638  8  4D 4B 48 A 0 0 0 1 
142092  639  8  11 9F F 0 0 0 0 0 
142099  101  8  0 0 0 0 0 0 0 0 
142110  102  8  1 93 1 0 0 0 CA 0 
142190  100  8  0 0 0 0 9C 1 FF 0 
142191  638  8  4D 4B 48 A 0 0 0 0 
142192  639  8  11 9F F 0 0 0 0 0 
142199  101  8  0 0 0 0 0 0 0 0 
142210  102  8  1 93 1 0 0 0 CA 0 
142290  100  8  0 0 0 0 9C 1 FF 0 
142291  638  8  4D 4B 48 A 0 0 0 1 
142292  639  8  11 9F F 0 0 0 0 0 
142299  101  8  0 0 0 0 0 0 0 0 
142310  102  8  1 93 1 0 0 0 CA 0 
142390  100  8  0 0 0 0 9C 1 FF 0 
142391  638  8  4D 4B 48 A 0 0 0 0 
142392  639  8  11 9F F 0 0 0 0 0 
142399  101  8  0 0 0 0 0 0 0 0 
142410  102  8  1 93 1 0 0 0 CA 0 
142490  100  8  0 0 0 0 9C 1 FF 0 
142491  638  8  4D 4B 48 A 0 0 0 1 
142492  639  8  11 9F F 0 0 0 0 0 
142499  101  8  0 0 0 0 0 0 0 0 
142510  102  8  1 93 1 0 0 0 CA 0 
142590  100  8  0 0 0 0 9C 1 FF 0 
142591  638  8  4D 4B 48 A 0 0 0 0 
142592  639  8  11 9F F 0 0 0 0 0 
142599  101  8  0 0 0 0 0 0 0 0 
142610  102  8  1 93 1 0 0 0 CA 0 
142690  100  8  0 0 0 0 9C 1 FF 0 
142691  638  8  4D 4B 48 A 0 0 0 1 
142692  639  8  11 9F F 0 0 0 0 0 
142699  101  8  0 0 0 0 0 0 0 0 
142710  102  8  1 93 1 0 0 0 CA 0 
142790  100  8  0 0 0 0 9C 1 FF 0 
142791  638  8  4D 4B 48 A 0 0 0 0 
142792  639  8  11 9F F 0 0 0 0 0 
142799  101  8  0 0 0 0 0 0 0 0 
142810  102  8  1 93 1 0 0 0 CA 0 
142890  100  8  0 0 0 0 9C 1 FF 0 
142891  638  8  4D 4B 48 A 0 0 0 1 
142892  639  8  11 9F F 0 0 0 0 0 
142899  101  8  0 0 0 0 0 0 0 0 
142910  102  8  1 93 1 0 0 0 CA 0 
142990  100  8  0 0 0 0 9C 1 FF 0 
142991  638  8  4D 4B 48 A 0 0 0 0 
142992  639  8  11 9F F 0 0 0 0 0 
142999  101  8  0 0 0 0 0 0 0 0 
143010  102  8  1 93 1 0 0 0 CA 0 
143090  100  8  0 0 0 0 9C 1 FF 0 
143091  638  8  4D 4B 48 A 0 0 0 1 
143092  639  8  11 9F F 0 0 0 0 0 
143099  101  8  0 0 0 0 0 0 0 0 
143110  102  8  1 93 1 0 0 0 CA 0 
143190  100  8  0 0 0 0 9C 1 FF 0 
143191  638  8  4D 4B 48 A 0 0 0 0 
143192  639  8  11 9F F 0 0 0 0 0 
143199  101  8  0 0 0 0 0 0 0 0 
143210  102  8  1 93 1 0 0 0 CA 0 
143290  100  8  0 0 0 0 9C 1 FF 0 
143291  638  8  4D 4B 48 A 0 0 0 1 
143292  639  8  11 9F F 0 0 0 0 0 
143299  101  8  0 0 0 0 0 0 0 0 
143310  102  8  1 93 1 0 0 0 CA 0 
143390  100  8  0 0 0 0 9C 1 FF 0 
143391  638  8  4D 4B 48 A 0 0 0 0 
143392  639  8  11 9F F 0 0 0 0 0 
143399  101  8  0 0 0 0 0 0 0 0 
143410  102  8  1 93 1 0 0 0 CA 0 
143490  100  8  0 0 0 0 9C 1 FF 0 
143491  638  8  4D 4B 48 A 0 0 0 1 
143492  639  8  11 9F F 0 0 0 0 0 
143499  101  8  0 0 0 0 0 0 0 0 
143510  102  8  1 93 1 0 0 0 CA 0 
143590  100  8  0 0 0 0 9C 1 FF 0 
143591  638  8  4D 4B 48 A 0 0 0 0 
143592  639  8  11 9F F 0 0 0 0 0 
143599  101  8  0 0 0 0 0 0 0 0 
143610  102  8  1 93 1 0 0 0 CA 0 
143690  100  8  0 0 0 0 9C 1 FF 0 
143691  638  8  4D 4B 48 A 0 0 0 1 
143692  639  8  11 9F F 0 0 0 0 0 
143699  101  8  0 0 0 0 0 0 0 0 
143710  102  8  1 93 1 0 0 0 CA 0 
143790  100  8  0 0 0 0 9C 1 FF 0 
143791  638  8  4D 4B 48 A 0 0 0 0 
143792  639  8  11 9F F 0 0 0 0 0 
143799  101  8  0 0 0 0 0 0 0 0 
143810  102  8  1 93 1 0 0 0 CA 0 
143890  100  8  0 0 0 0 9C 1 FF 0 
143891  638  8  4D 4B 48 A 0 0 0 1 
143892  639  8  11 9F F 0 0 0 0 0 
143899  101  8  0 0 0 0 0 0 0 0 
143910  102  8  1 93 1 0 0 0 CA 0 
143990  100  8  0 0 0 0 9C 1 FF 0 
143991  638  8  4D 4B 48 A 0 0 0 0 
143992  639  8  11 9F F 0 0 0 0 0 
143999  101  8  0 0 0 0 0 0 0 0 
144010  102  8  1 93 1 0 0 0 CA 0 
144090  100  8  0 0 0 0 9C 1 FF 0 
144091  638  8  4D 4B 48 A 0 0 0 1 
144092  639  8  11 9F F 0 0 0 0 0 
144099  101  8  0 0 0 0 0 0 0 0 
144110  102  8  1 93 1 0 0 0 CA 0 
144190  100  8  0 0 0 0 9C 1 FF 0 
144191  638  8  4D 4B 48 A 0 0 0 0 
144192  639  8  11 9F F 0 0 0 0 0 
144199  101  8  0 0 0 0 0 0 0 0 
144210  102  8  1 93 1 0 0 0 CA 0 
144290  100  8  0 0 0 0 9C 1 FF 0 
144291  638  8  4D 4B 48 A 0 0 0 1 
144292  639  8  11 9F F 0 0 0 0 0 
144299  101  8  0 0 0 0 0 0 0 0 
144310  102  8  1 93 1 0 0 0 CA 0 
144390  100  8  0 0 0 0 9C 1 FF 0 
144391  638  8  4D 4B 48 A 0 0 0 0 
144392  639  8  11 9F F 0 0 0 0 0 
144399  101  8  0 0 0 0 0 0 0 0 
144410  102  8  1 93 1 0 0 0 CA 0 
144490  100  8  0 0 0 0 9C 1 FF 0 
144491  638  8  4D 4B 48 A 0 0 0 1 
144492  639  8  11 9F F 0 0 0 0 0 
144499  101  8  0 0 0 0 0 0 0 0 
144510  102  8  1 93 1 0 0 0 CA 0 
144590  100  8  0 0 0 0 9C 1 FF 0 
144591  638  8  4D 4B 48 A 0 0 0 0 
144592  639  8  11 9F F 0 0 0 0 0 
144599  101  8  0 0 0 0 0 0 0 0 
144610  102  8  1 93 1 0 0 0 CA 0 
144690  100  8  0 0 0 0 9C 1 FF 0 
144691  638  8  4D 4B 48 A 0 0 0 1 
144692  639  8  11 9F F 0 0 0 0 0 
144699  101  8  0 0 0 0 0 0 0 0 
144709  102  8  1 93 1 0 0 0 CA 0 
144790  100  8  0 0 0 0 9C 1 FF 0 
144791  638  8  4D 4B 48 A 0 0 0 0 
144792  639  8  11 9F F 0 0 0 0 0 
144799  101  8  0 0 0 0 0 0 0 0 
144810  102  8  1 93 1 0 0 0 CA 0 
144890  100  8  0 0 0 0 9C 1 FF 0 
144891  638  8  4D 4B 48 A 0 0 0 1 
144892  639  8  11 9F F 0 0 0 0 0 
144899  101  8  0 0 0 0 0 0 0 0 
144910  102  8  1 93 1 0 0 0 CA 0 
144990  100  8  0 0 0 0 9C 1 FF 0 
144991  638  8  4D 4B 48 A 0 0 0 0 
144992  639  8  11 9F F 0 0 0 0 0 
144999  101  8  0 0 0 0 0 0 0 0 
145009  102  8  1 93 1 0 0 0 CA 0 
145090  100  8  0 0 0 0 9C 1 FF 0 
145091  638  8  4D 4B 48 A 0 0 0 1 
145092  639  8  11 9F F 0 0 0 0 0 
145099  101  8  0 0 0 0 0 0 0 0 
145109  102  8  1 93 1 0 0 0 CA 0 
145190  100  8  0 0 0 0 9C 1 FF 0 
145191  638  8  4D 4B 48 A 0 0 0 0 
145192  639  8  11 9F F 0 0 0 0 0 
145199  101  8  0 0 0 0 0 0 0 0 
145210  102  8  1 93 1 0 0 0 CA 0 
145290  100  8  0 0 0 0 9C 1 FF 0 
145291  638  8  4D 4B 48 A 0 0 0 1 
145292  639  8  11 9F F 0 0 0 0 0 
145299  101  8  0 0 0 0 0 0 0 0 
145310  102  8  1 93 1 0 0 0 CA 0 
145390  100  8  0 0 0 0 9C 1 FF 0 
145391  638  8  4D 4B 48 A 0 0 0 0 
145392  639  8  11 9F F 0 0 0 0 0 
145399  101  8  0 0 0 0 0 0 0 0 
145409  102  8  1 93 1 0 0 0 CA 0 
145490  100  8  0 0 0 0 9C 1 FF 0 
145491  638  8  4D 4B 48 A 0 0 0 1 
145492  639  8  11 9F F 0 0 0 0 0 
145499  101  8  0 0 0 0 0 0 0 0 
145509  102  8  1 93 1 0 0 0 CA 0 
145590  100  8  0 0 0 0 9C 1 FF 0 
145591  638  8  4D 4B 48 A 0 0 0 0 
145592  639  8  11 9F F 0 0 0 0 0 
145599  101  8  0 0 0 0 0 0 0 0 
145610  102  8  1 93 1 0 0 0 CA 0 
145690  100  8  0 0 0 0 9C 1 FF 0 
145691  638  8  4D 4B 48 A 0 0 0 1 
145692  639  8  11 9F F 0 0 0 0 0 
145699  101  8  0 0 0 0 0 0 0 0 
145710  102  8  1 93 1 0 0 0 CA 0 
145790  100  8  0 0 0 0 9C 1 FF 0 
145791  638  8  4D 4B 48 A 0 0 0 0 
145792  639  8  11 9F F 0 0 0 0 0 
145799  101  8  0 0 0 0 0 0 0 0 
145809  102  8  1 93 1 0 0 0 CA 0 
145890  100  8  0 0 0 0 9C 1 FF 0 
145891  638  8  4D 4B 48 A 0 0 0 1 
145892  639  8  11 9F F 0 0 0 0 0 
145899  101  8  0 0 0 0 0 0 0 0 
145909  102  8  1 93 1 0 0 0 CA 0 
145990  100  8  0 0 0 0 9C 1 FF 0 
145991  638  8  4D 4B 48 A 0 0 0 0 
145992  639  8  11 9F F 0 0 0 0 0 
145999  101  8  0 0 0 0 0 0 0 0 
146010  102  8  1 93 1 0 0 0 CA 0 
146090  100  8  0 0 0 0 9C 1 FF 0 
146091  638  8  4D 4B 48 A 0 0 0 1 
146092  639  8  11 9F F 0 0 0 0 0 
146099  101  8  0 0 0 0 0 0 0 0 
146110  102  8  1 93 1 0 0 0 CA 0 
146190  100  8  0 0 0 0 9C 1 FF 0 
146191  638  8  4D 4B 48 A 0 0 0 0 
146192  639  8  11 9F F 0 0 0 0 0 
146199  101  8  0 0 0 0 0 0 0 0 
146209  102  8  1 93 1 0 0 0 CA 0 
146290  100  8  0 0 0 0 9C 1 FF 0 
146291  638  8  4D 4B 48 A 0 0 0 1 
146292  639  8  11 9F F 0 0 0 0 0 
146299  101  8  0 0 0 0 0 0 0 0 
146309  102  8  1 93 1 0 0 0 CA 0 
146390  100  8  0 0 0 0 9C 1 FF 0 
146391  638  8  4D 4B 48 A 0 0 0 0 
146392  639  8  11 9F F 0 0 0 0 0 
146399  101  8  0 0 0 0 0 0 0 0 
146410  102  8  1 93 1 0 0 0 CA 0 
146490  100  8  0 0 0 0 9C 1 FF 0 
146491  638  8  4D 4B 48 A 0 0 0 1 
146492  639  8  11 9F F 0 0 0 0 0 
146499  101  8  0 0 0 0 0 0 0 0 
146510  102  8  1 93 1 0 0 0 CA 0 
146590  100  8  0 0 0 0 9C 1 FF 0 
146591  638  8  4D 4B 48 A 0 0 0 0 
146592  639  8  11 9F F 0 0 0 0 0 
146599  101  8  0 0 0 0 0 0 0 0 
146609  102  8  1 93 1 0 0 0 CA 0 
146690  100  8  0 0 0 0 9C 1 FF 0 
146691  638  8  4D 4B 48 A 0 0 0 1 
146692  639  8  11 9F F 0 0 0 0 0 
146699  101  8  0 0 0 0 0 0 0 0 
146709  102  8  1 93 1 0 0 0 CA 0 
146790  100  8  0 0 0 0 9C 1 FF 0 
146791  638  8  4D 4B 48 A 0 0 0 0 
146792  639  8  11 9F F 0 0 0 0 0 
146799  101  8  0 0 0 0 0 0 0 0 
146810  102  8  1 93 1 0 0 0 CA 0 
146890  100  8  0 0 0 0 9C 1 FF 0 
146891  638  8  4D 4B 48 A 0 0 0 1 
146892  639  8  11 9F F 0 0 0 0 0 
146899  101  8  0 0 0 0 0 0 0 0 
146910  102  8  1 93 1 0 0 0 CA 0 
146990  100  8  0 0 0 0 9C 1 FF 0 
146991  638  8  4D 4B 48 A 0 0 0 0 
146992  639  8  11 9F F 0 0 0 0 0 
146999  101  8  0 0 0 0 0 0 0 0 
147009  102  8  1 93 1 0 0 0 CA 0 
147090  100  8  0 0 0 0 9C 1 FF 0 
147091  638  8  4D 4B 48 A 0 0 0 1 
147092  639  8  11 9F F 0 0 0 0 0 
147099  101  8  0 0 0 0 0 0 0 0 
147109  102  8  1 93 1 0 0 0 CA 0 
147190  100  8  0 0 0 0 9C 1 FF 0 
147191  638  8  4D 4B 48 A 0 0 0 0 
147192  639  8  11 9F F 0 0 0 0 0 
147199  101  8  0 0 0 0 0 0 0 0 
147210  102  8  1 93 1 0 0 0 CA 0 
147290  100  8  0 0 0 0 9C 1 FF 0 
147291  638  8  4D 4B 48 A 0 0 0 1 
147292  639  8  11 9F F 0 0 0 0 0 
147299  101  8  0 0 0 0 0 0 0 0 
147310  102  8  1 93 1 0 0 0 CA 0 
147390  100  8  0 0 0 0 9C 1 FF 0 
147391  638  8  4D 4B 48 A 0 0 0 0 
147392  639  8  11 9F F 0 0 0 0 0 
147399  101  8  0 0 0 0 0 0 0 0 
147409  102  8  1 93 1 0 0 0 CA 0 
147490  100  8  0 0 0 0 9C 1 FF 0 
147491  638  8  4D 4B 48 A 0 0 0 1 
147492  639  8  11 9F F 0 0 0 0 0 
147499  101  8  0 0 0 0 0 0 0 0 
147509  102  8  1 93 1 0 0 0 CA 0 
147590  100  8  0 0 0 0 9C 1 FF 0 
147591  638  8  4D 4B 48 A 0 0 0 0 
147592  639  8  11 9F F 0 0 0 0 0 
147599  101  8  0 0 0 0 0 0 0 0 
147610  102  8  1 93 1 0 0 0 CA 0 
147690  100  8  0 0 0 0 9C 1 FF 0 
147691  638  8  4D 4B 48 A 0 0 0 1 
147692  639  8  11 9F F 0 0 0 0 0 
147699  101  8  0 0 0 0 0 0 0 0 
147710  102  8  1 93 1 0 0 0 CA 0 
147790  100  8  0 0 0 0 9C 1 FF 0 
147791  638  8  4D 4B 48 A 0 0 0 0 
147792  639  8  11 9F F 0 0 0 0 0 
147799  101  8  0 0 0 0 0 0 0 0 
147809  102  8  1 93 1 0 0 0 CA 0 
147891  100  8  0 0 0 0 9C 1 FF 0 
147891  638  8  4D 4B 48 A 0 0 0 1 
147892  639  8  11 9F F 0 0 0 0 0 
147899  101  8  0 0 0 0 0 0 0 0 
147909  102  8  1 93 1 0 0 0 CA 0 
147990  100  8  0 0 0 0 9C 1 FF 0 
147991  638  8  4D 4B 48 A 0 0 0 0 
147992  639  8  11 9F F 0 0 0 0 0 
147999  101  8  0 0 0 0 0 0 0 0 
148010  102  8  1 93 1 0 0 0 CA 0 
148090  100  8  0 0 0 0 9C 1 FF 0 
148091  638  8  4D 4B 48 A 0 0 0 1 
148092  639  8  11 9F F 0 0 0 0 0 
148099  101  8  0 0 0 0 0 0 0 0 
148110  102  8  1 93 1 0 0 0 CA 0 
148190  100  8  0 0 0 0 9C 1 FF 0 
148191  638  8  4D 4B 48 A 0 0 0 0 
148192  639  8  11 9F F 0 0 0 0 0 
148199  101  8  0 0 0 0 0 0 0 0 
148209  102  8  1 93 1 0 0 0 CA 0 
148290  100  8  0 0 0 0 9C 1 FF 0 
148291  638  8  4D 4B 48 A 0 0 0 1 
148292  639  8  11 9F F 0 0 0 0 0 
148299  101  8  0 0 0 0 0 0 0 0 
148309  102  8  1 93 1 0 0 0 CA 0 
148390  100  8  0 0 0 0 9C 1 FF 0 
148391  638  8  4D 4B 48 A 0 0 0 0 
148392  639  8  11 9F F 0 0 0 0 0 
148399  101  8  0 0 0 0 0 0 0 0 
148410  102  8  1 93 1 0 0 0 CA 0 
148490  100  8  0 0 0 0 9C 1 FF 0 
148491  638  8  4D 4B 48 A 0 0 0 1 
148492  639  8  11 9F F 0 0 0 0 0 
148499  101  8  0 0 0 0 0 0 0 0 
148510  102  8  1 93 1 0 0 0 CA 0 
148590  100  8  0 0 0 0 9C 1 FF 0 
148591  638  8  4D 4B 48 A 0 0 0 0 
148592  639  8  11 9F F 0 0 0 0 0 
148599  101  8  0 0 0 0 0 0 0 0 
148609  102  8  1 93 1 0 0 0 CA 0 
148690  100  8  0 0 0 0 9C 1 FF 0 
148691  638  8  4D 4B 48 A 0 0 0 1 
148692  639  8  11 9F F 0 0 0 0 0 
148699  101  8  0 0 0 0 0 0 0 0 
148709  102  8  1 93 1 0 0 0 CA 0 
148790  100  8  0 0 0 0 9C 1 FF 0 
148791  638  8  4D 4B 48 A 0 0 0 0 
148792  639  8  11 9F F 0 0 0 0 0 
148799  101  8  0 0 0 0 0 0 0 0 
148810  102  8  1 93 1 0 0 0 CA 0 
148890  100  8  0 0 0 0 9C 1 FF 0 
148891  638  8  4D 4B 48 A 0 0 0 1 
148892  639  8  11 9F F 0 0 0 0 0 
148899  101  8  0 0 0 0 0 0 0 0 
148910  102  8  1 93 1 0 0 0 CA 0 
148990  100  8  0 0 0 0 9C 1 FF 0 
148991  638  8  4D 4B 48 A 0 0 0 0 
148992  639  8  11 9F F 0 0 0 0 0 
148999  101  8  0 0 0 0 0 0 0 0 
149009  102  8  1 93 1 0 0 0 CA 0 
149090  100  8  0 0 0 0 9C 1 FF 0 
149091  638  8  4D 4B 48 A 0 0 0 1 
149092  639  8  11 9F F 0 0 0 0 0 
149099  101  8  0 0 0 0 0 0 0 0 
149109  102  8  1 93 1 0 0 0 CA 0 
149189  100  8  0 0 0 0 9C 1 FF 0 
149190  638  8  4D 4B 48 A 0 0 0 0 
149191  639  8  11 9F F 0 0 0 0 0 
149199  101  8  0 0 0 0 0 0 0 0 
149210  102  8  1 93 1 0 0 0 CA 0 
149289  100  8  0 0 0 0 9C 1 FF 0 
149290  638  8  4D 4B 48 A 0 0 0 1 
149291  639  8  11 9F F 0 0 0 0 0 
149299  101  8  0 0 0 0 0 0 0 0 
149310  102  8  1 93 1 0 0 0 CA 0 
149389  100  8  0 0 0 0 9C 1 FF 0 
149390  638  8  4D 4B 48 A 0 0 0 0 
149391  639  8  11 9F F 0 0 0 0 0 
149399  101  8  0 0 0 0 0 0 0 0 
149409  102  8  1 93 1 0 0 0 CA 0 
149489  100  8  0 0 0 0 9C 1 FF 0 
149490  638  8  4D 4B 48 A 0 0 0 1 
149491  639  8  11 9F F 0 0 0 0 0 
149499  101  8  0 0 0 0 0 0 0 0 
149509  102  8  1 93 1 0 0 0 CA 0 
149589  100  8  0 0 0 0 9C 1 FF 0 
149590  638  8  4D 4B 48 A 0 0 0 0 
149591  639  8  11 9F F 0 0 0 0 0 
149599  101  8  0 0 0 0 0 0 0 0 
149610  102  8  1 93 1 0 0 0 CA 0 
149689  100  8  0 0 0 0 9C 1 FF 0 
149690  638  8  4D 4B 48 A 0 0 0 1 
149691  639  8  11 9F F 0 0 0 0 0 
149699  101  8  0 0 0 0 0 0 0 0 
149710  102  8  1 93 1 0 0 0 CA 0 
149789  100  8  0 0 0 0 9C 1 FF 0 
149790  638  8  4D 4B 48 A 0 0 0 0 
149791  639  8  11 9F F 0 0 0 0 0 
149799  101  8  0 0 0 0 0 0 0 0 
149809  102  8  1 93 1 0 0 0 CA 0 
149889  100  8  0 0 0 0 9C 1 FF 0 
149890  638  8  4D 4B 48 A 0 0 0 1 
149891  639  8  11 9F F 0 0 0 0 0 
149899  101  8  0 0 0 0 0 0 0 0 
149909  102  8  1 93 1 0 0 0 CA 0 
149989  100  8  0 0 0 0 9C 1 FF 0 
149990  638  8  4D 4B 48 A 0 0 0 0 
149991  639  8  11 9F F 0 0 0 0 0 
149999  101  8  0 0 0 0 0 0 0 0 
150010  102  8  1 93 1 0 0 0 CA 0 
E (150318) wifi:sta is connecting, return error
150089  100  8  0 0 0 0 9C 1 FF 0 
150090  638  8  4D 4B 48 A 0 0 0 1 
150091  639  8  11 9F F 0 0 0 0 0 
150099  101  8  0 0 0 0 0 0 0 0 
150110  102  8  1 93 1 0 0 0 CA 0 
150189  100  8  0 0 0 0 9C 1 FF 0 
150190  638  8  4D 4B 48 A 0 0 0 0 
150191  639  8  11 9F F 0 0 0 0 0 
150199  101  8  0 0 0 0 0 0 0 0 
150209  102  8  1 93 1 0 0 0 CA 0 
150289  100  8  0 0 0 0 9C 1 FF 0 
150290  638  8  4D 4B 48 A 0 0 0 1 
150291  639  8  11 9F F 0 0 0 0 0 
150299  101  8  0 0 0 0 0 0 0 0 
150309  102  8  1 93 1 0 0 0 CA 0 
150389  100  8  0 0 0 0 9C 1 FF 0 
150390  638  8  4D 4B 48 A 0 0 0 0 
150391  639  8  11 9F F 0 0 0 0 0 
150399  101  8  0 0 0 0 0 0 0 0 
150410  102  8  1 93 1 0 0 0 CA 0 
150489  100  8  0 0 0 0 9C 1 FF 0 
150490  638  8  4D 4B 48 A 0 0 0 1 
150491  639  8  11 9F F 0 0 0 0 0 
150499  101  8  0 0 0 0 0 0 0 0 
150510  102  8  1 93 1 0 0 0 CA 0 
150589  100  8  0 0 0 0 9C 1 FF 0 
150590  638  8  4D 4B 48 A 0 0 0 0 
150591  639  8  11 9F F 0 0 0 0 0 
150599  101  8  0 0 0 0 0 0 0 0 
150609  102  8  1 93 1 0 0 0 CA 0 
150689  100  8  0 0 0 0 9C 1 FF 0 
150690  638  8  4D 4B 48 A 0 0 0 1 
150691  639  8  11 9F F 0 0 0 0 0 
150699  101  8  0 0 0 0 0 0 0 0 
150709  102  8  1 93 1 0 0 0 CA 0 
150789  100  8  0 0 0 0 9C 1 FF 0 
150790  638  8  4D 4B 48 A 0 0 0 0 
150791  639  8  11 9F F 0 0 0 0 0 
150799  101  8  0 0 0 0 0 0 0 0 
150810  102  8  1 93 1 0 0 0 CA 0 
150889  100  8  0 0 0 0 9C 1 FF 0 
150890  638  8  4D 4B 48 A 0 0 0 1 
150891  639  8  11 9F F 0 0 0 0 0 
150899  101  8  0 0 0 0 0 0 0 0 
150910  102  8  1 93 1 0 0 0 CA 0 
150989  100  8  0 0 0 0 9C 1 FF 0 
150990  638  8  4D 4B 48 A 0 0 0 0 
150991  639  8  11 9F F 0 0 0 0 0 
150999  101  8  0 0 0 0 0 0 0 0 
151009  102  8  1 93 1 0 0 0 CA 0 
151089  100  8  0 0 0 0 9C 1 FF 0 
151090  638  8  4D 4B 48 A 0 0 0 1 
151091  639  8  11 9F F 0 0 0 0 0 
151099  101  8  0 0 0 0 0 0 0 0 
151109  102  8  1 93 1 0 0 0 CA 0 
151189  100  8  0 0 0 0 9C 1 FF 0 
151190  638  8  4D 4B 48 A 0 0 0 0 
151191  639  8  11 9F F 0 0 0 0 0 
151199  101  8  0 0 0 0 0 0 0 0 
151210  102  8  1 93 1 0 0 0 CA 0 
151289  100  8  0 0 0 0 9C 1 FF 0 
151290  638  8  4D 4B 48 A 0 0 0 1 
151291  639  8  11 9F F 0 0 0 0 0 
151299  101  8  0 0 0 0 0 0 0 0 
151310  102  8  1 93 1 0 0 0 CA 0 
151389  100  8  0 0 0 0 9C 1 FF 0 
151390  638  8  4D 4B 48 A 0 0 0 0 
151391  639  8  11 9F F 0 0 0 0 0 
151399  101  8  0 0 0 0 0 0 0 0 
151409  102  8  1 93 1 0 0 0 CA 0 
151489  100  8  0 0 0 0 9C 1 FF 0 
151490  638  8  4D 4B 48 A 0 0 0 1 
151491  639  8  11 9F F 0 0 0 0 0 
151499  101  8  0 0 0 0 0 0 0 0 
151509  102  8  1 93 1 0 0 0 CA 0 
151589  100  8  0 0 0 0 9C 1 FF 0 
151590  638  8  4D 4B 48 A 0 0 0 0 
151591  639  8  11 9F F 0 0 0 0 0 
151599  101  8  0 0 0 0 0 0 0 0 
151610  102  8  1 93 1 0 0 0 CA 0 
151689  100  8  0 0 0 0 9C 1 FF 0 
151690  638  8  4D 4B 48 A 0 0 0 1 
151691  639  8  11 9F F 0 0 0 0 0 
151699  101  8  0 0 0 0 0 0 0 0 
151710  102  8  1 93 1 0 0 0 CA 0 
151789  100  8  0 0 0 0 9C 1 FF 0 
151790  638  8  4D 4B 48 A 0 0 0 0 
151791  639  8  11 9F F 0 0 0 0 0 
151799  101  8  0 0 0 0 0 0 0 0 
151809  102  8  1 93 1 0 0 0 CA 0 
151889  100  8  0 0 0 0 9C 1 FF 0 
151890  638  8  4D 4B 48 A 0 0 0 1 
151891  639  8  11 9F F 0 0 0 0 0 
151899  101  8  0 0 0 0 0 0 0 0 
151909  102  8  1 93 1 0 0 0 CA 0 
151989  100  8  0 0 0 0 9C 1 FF 0 
151990  638  8  4D 4B 48 A 0 0 0 0 
151991  639  8  11 9F F 0 0 0 0 0 
151999  101  8  0 0 0 0 0 0 0 0 
152010  102  8  1 93 1 0 0 0 CA 0 
152089  100  8  0 0 0 0 9C 1 FF 0 
152090  638  8  4D 4B 48 A 0 0 0 1 
152091  639  8  11 9F F 0 0 0 0 0 
152099  101  8  0 0 0 0 0 0 0 0 
152110  102  8  1 93 1 0 0 0 CA 0 
152189  100  8  0 0 0 0 9C 1 FF 0 
152190  638  8  4D 4B 48 A 0 0 0 0 
152191  639  8  11 9F F 0 0 0 0 0 
152199  101  8  0 0 0 0 0 0 0 0 
152209  102  8  1 93 1 0 0 0 CA 0 
152289  100  8  0 0 0 0 9C 1 FF 0 
152290  638  8  4D 4B 48 A 0 0 0 1 
152291  639  8  11 9F F 0 0 0 0 0 
152299  101  8  0 0 0 0 0 0 0 0 
152309  102  8  1 93 1 0 0 0 CA 0 
152389  100  8  0 0 0 0 9C 1 FF 0 
152390  638  8  4D 4B 48 A 0 0 0 0 
152391  639  8  11 9F F 0 0 0 0 0 
152399  101  8  0 0 0 0 0 0 0 0 
152410  102  8  1 93 1 0 0 0 CA 0 
152489  100  8  0 0 0 0 9C 1 FF 0 
152490  638  8  4D 4B 48 A 0 0 0 1 
152491  639  8  11 9F F 0 0 0 0 0 
152499  101  8  0 0 0 0 0 0 0 0 
152510  102  8  1 93 1 0 0 0 CA 0 
152589  100  8  0 0 0 0 9C 1 FF 0 
152590  638  8  4D 4B 48 A 0 0 0 0 
152591  639  8  11 9F F 0 0 0 0 0 
152599  101  8  0 0 0 0 0 0 0 0 
152609  102  8  1 93 1 0 0 0 CA 0 
152689  100  8  0 0 0 0 9C 1 FF 0 
152690  638  8  4D 4B 48 A 0 0 0 1 
152691  639  8  11 9F F 0 0 0 0 0 
152699  101  8  0 0 0 0 0 0 0 0 
152709  102  8  1 93 1 0 0 0 CA 0 
152789  100  8  0 0 0 0 9C 1 FF 0 
152790  638  8  4D 4B 48 A 0 0 0 0 
152791  639  8  11 9F F 0 0 0 0 0 
152799  101  8  0 0 0 0 0 0 0 0 
152810  102  8  1 93 1 0 0 0 CA 0 
152889  100  8  0 0 0 0 9C 1 FF 0 
152890  638  8  4D 4B 48 A 0 0 0 1 
152891  639  8  11 9F F 0 0 0 0 0 
152899  101  8  0 0 0 0 0 0 0 0 
152910  102  8  1 93 1 0 0 0 CA 0 
152989  100  8  0 0 0 0 9C 1 FF 0 
152990  638  8  4D 4B 48 A 0 0 0 0 
152991  639  8  11 9F F 0 0 0 0 0 
152999  101  8  0 0 0 0 0 0 0 0 
153009  102  8  1 93 1 0 0 0 CA 0 
153089  100  8  0 0 0 0 9C 1 FF 0 
153090  638  8  4D 4B 48 A 0 0 0 1 
153091  639  8  11 9F F 0 0 0 0 0 
153099  101  8  0 0 0 0 0 0 0 0 
153109  102  8  1 93 1 0 0 0 CA 0 
153189  100  8  0 0 0 0 9C 1 FF 0 
153190  638  8  4D 4B 48 A 0 0 0 0 
153191  639  8  11 9F F 0 0 0 0 0 
153199  101  8  0 0 0 0 0 0 0 0 
153210  102  8  1 93 1 0 0 0 CA 0 
153289  100  8  0 0 0 0 9C 1 FF 0 
153290  638  8  4D 4B 48 A 0 0 0 1 
153291  639  8  11 9F F 0 0 0 0 0 
153299  101  8  0 0 0 0 0 0 0 0 
153310  102  8  1 93 1 0 0 0 CA 0 
153389  100  8  0 0 0 0 9C 1 FF 0 
153390  638  8  4D 4B 48 A 0 0 0 0 
153391  639  8  11 9F F 0 0 0 0 0 
153399  101  8  0 0 0 0 0 0 0 0 
153409  102  8  1 93 1 0 0 0 CA 0 
153489  100  8  0 0 0 0 9C 1 FF 0 
153490  638  8  4D 4B 48 A 0 0 0 1 
153491  639  8  11 9F F 0 0 0 0 0 
153499  101  8  0 0 0 0 0 0 0 0 
153509  102  8  1 93 1 0 0 0 CA 0 
153589  100  8  0 0 0 0 9C 1 FF 0 
153590  638  8  4D 4B 48 A 0 0 0 0 
153591  639  8  11 9F F 0 0 0 0 0 
153599  101  8  0 0 0 0 0 0 0 0 
153610  102  8  1 93 1 0 0 0 CA 0 
153689  100  8  0 0 0 0 9C 1 FF 0 
153690  638  8  4D 4B 48 A 0 0 0 1 
153691  639  8  11 9F F 0 0 0 0 0 
153699  101  8  0 0 0 0 0 0 0 0 
153710  102  8  1 93 1 0 0 0 CA 0 
153789  100  8  0 0 0 0 9C 1 FF 0 
153790  638  8  4D 4B 48 A 0 0 0 0 
153791  639  8  11 9F F 0 0 0 0 0 
153799  101  8  0 0 0 0 0 0 0 0 
153809  102  8  1 93 1 0 0 0 CA 0 
153889  100  8  0 0 0 0 9C 1 FF 0 
153890  638  8  4D 4B 48 A 0 0 0 1 
153891  639  8  11 9F F 0 0 0 0 0 
153899  101  8  0 0 0 0 0 0 0 0 
153909  102  8  1 93 1 0 0 0 CA 0 
153989  100  8  0 0 0 0 9C 1 FF 0 
153990  638  8  4D 4B 48 A 0 0 0 0 
153991  639  8  11 9F F 0 0 0 0 0 
153999  101  8  0 0 0 0 0 0 0 0 
154010  102  8  1 93 1 0 0 0 CA 0 
154089  100  8  0 0 0 0 9C 1 FF 0 
154090  638  8  4D 4B 48 A 0 0 0 1 
154091  639  8  11 9F F 0 0 0 0 0 
154099  101  8  0 0 0 0 0 0 0 0 
154110  102  8  1 93 1 0 0 0 CA 0 
154189  100  8  0 0 0 0 9C 1 FF 0 
154190  638  8  4D 4B 48 A 0 0 0 0 
154191  639  8  11 9F F 0 0 0 0 0 
154199  101  8  0 0 0 0 0 0 0 0 
154209  102  8  1 93 1 0 0 0 CA 0 
154289  100  8  0 0 0 0 9C 1 FF 0 
154290  638  8  4D 4B 48 A 0 0 0 1 
154291  639  8  11 9F F 0 0 0 0 0 
154299  101  8  0 0 0 0 0 0 0 0 
154309  102  8  1 93 1 0 0 0 CA 0 
154389  100  8  0 0 0 0 9C 1 FF 0 
154390  638  8  4D 4B 48 A 0 0 0 0 
154391  639  8  11 9F F 0 0 0 0 0 
154399  101  8  0 0 0 0 0 0 0 0 
154410  102  8  1 93 1 0 0 0 CA 0 
154489  100  8  0 0 0 0 9C 1 FF 0 
154490  638  8  4D 4B 48 A 0 0 0 1 
154491  639  8  11 9F F 0 0 0 0 0 
154499  101  8  0 0 0 0 0 0 0 0 
154510  102  8  1 93 1 0 0 0 CA 0 
154589  100  8  0 0 0 0 9C 1 FF 0 
154590  638  8  4D 4B 48 A 0 0 0 0 
154591  639  8  11 9F F 0 0 0 0 0 
154599  101  8  0 0 0 0 0 0 0 0 
154609  102  8  1 93 1 0 0 0 CA 0 
154689  100  8  0 0 0 0 9C 1 FF 0 
154690  638  8  4D 4B 48 A 0 0 0 1 
154691  639  8  11 9F F 0 0 0 0 0 
154699  101  8  0 0 0 0 0 0 0 0 
154709  102  8  1 93 1 0 0 0 CA 0 
154789  100  8  0 0 0 0 9C 1 FF 0 
154790  638  8  4D 4B 48 A 0 0 0 0 
154791  639  8  11 9F F 0 0 0 0 0 
154799  101  8  0 0 0 0 0 0 0 0 
154810  102  8  1 93 1 0 0 0 CA 0 
154889  100  8  0 0 0 0 9C 1 FF 0 
154890  638  8  4D 4B 48 A 0 0 0 1 
154891  639  8  11 9F F 0 0 0 0 0 
154899  101  8  0 0 0 0 0 0 0 0 
154910  102  8  1 93 1 0 0 0 CA 0 
154989  100  8  0 0 0 0 9C 1 FF 0 
154990  638  8  4D 4B 48 A 0 0 0 0 
154991  639  8  11 9F F 0 0 0 0 0 
154999  101  8  0 0 0 0 0 0 0 0 
155009  102  8  1 93 1 0 0 0 CA 0 
155089  100  8  0 0 0 0 9C 1 FF 0 
155090  638  8  4D 4B 48 A 0 0 0 1 
155091  639  8  11 9F F 0 0 0 0 0 
155099  101  8  0 0 0 0 0 0 0 0 
155109  102  8  1 93 1 0 0 0 CA 0 
155189  100  8  0 0 0 0 9C 1 FF 0 
155190  638  8  4D 4B 48 A 0 0 0 0 
155191  639  8  11 9F F 0 0 0 0 0 
155199  101  8  0 0 0 0 0 0 0 0 
155210  102  8  1 93 1 0 0 0 CA 0 
155289  100  8  0 0 0 0 9C 1 FF 0 
155290  638  8  4D 4B 48 A 0 0 0 1 
155291  639  8  11 9F F 0 0 0 0 0 
155299  101  8  0 0 0 0 0 0 0 0 
155310  102  8  1 93 1 0 0 0 CA 0 
155389  100  8  0 0 0 0 9C 1 FF 0 
155390  638  8  4D 4B 48 A 0 0 0 0 
155391  639  8  11 9F F 0 0 0 0 0 
155399  101  8  0 0 0 0 0 0 0 0 
155409  102  8  1 93 1 0 0 0 CA 0 
155489  100  8  0 0 0 0 9C 1 FF 0 
155490  638  8  4D 4B 48 A 0 0 0 1 
155491  639  8  11 9F F 0 0 0 0 0 
155499  101  8  0 0 0 0 0 0 0 0 
155509  102  8  1 93 1 0 0 0 CA 0 
155589  100  8  0 0 0 0 9C 1 FF 0 
155590  638  8  4D 4B 48 A 0 0 0 0 
155591  639  8  11 9F F 0 0 0 0 0 
155599  101  8  0 0 0 0 0 0 0 0 
155610  102  8  1 93 1 0 0 0 CA 0 
155689  100  8  0 0 0 0 9C 1 FF 0 
155690  638  8  4D 4B 48 A 0 0 0 1 
155691  639  8  11 9F F 0 0 0 0 0 
155699  101  8  0 0 0 0 0 0 0 0 
155710  102  8  1 93 1 0 0 0 CA 0 
155789  100  8  0 0 0 0 9C 1 FF 0 
155790  638  8  4D 4B 48 A 0 0 0 0 
155791  639  8  11 9F F 0 0 0 0 0 
155799  101  8  0 0 0 0 0 0 0 0 
155809  102  8  1 93 1 0 0 0 CA 0 
155889  100  8  0 0 0 0 9C 1 FF 0 
155890  638  8  4D 4B 48 A 0 0 0 1 
155891  639  8  11 9F F 0 0 0 0 0 
155899  101  8  0 0 0 0 0 0 0 0 
155909  102  8  1 93 1 0 0 0 CA 0 
155989  100  8  0 0 0 0 9C 1 FF 0 
155990  638  8  4D 4B 48 A 0 0 0 0 
155991  639  8  11 9F F 0 0 0 0 0 
155999  101  8  0 0 0 0 0 0 0 0 
156010  102  8  1 93 1 0 0 0 CA 0 
156089  100  8  0 0 0 0 9C 1 FF 0 
156090  638  8  4D 4B 48 A 0 0 0 1 
156091  639  8  11 9F F 0 0 0 0 0 
156099  101  8  0 0 0 0 0 0 0 0 
156110  102  8  1 93 1 0 0 0 CA 0 
156189  100  8  0 0 0 0 9C 1 FF 0 
156190  638  8  4D 4B 48 A 0 0 0 0 
156191  639  8  11 9F F 0 0 0 0 0 
156199  101  8  0 0 0 0 0 0 0 0 
156209  102  8  1 93 1 0 0 0 CA 0 
156289  100  8  0 0 0 0 9C 1 FF 0 
156290  638  8  4D 4B 48 A 0 0 0 1 
156291  639  8  11 9F F 0 0 0 0 0 
156299  101  8  0 0 0 0 0 0 0 0 
156309  102  8  1 93 1 0 0 0 CA 0 
156389  100  8  0 0 0 0 9C 1 FF 0 
156390  638  8  4D 4B 48 A 0 0 0 0 
156391  639  8  11 9F F 0 0 0 0 0 
156399  101  8  0 0 0 0 0 0 0 0 
156410  102  8  1 93 1 0 0 0 CA 0 
156489  100  8  0 0 0 0 9C 1 FF 0 
156490  638  8  4D 4B 48 A 0 0 0 1 
156491  639  8  11 9F F 0 0 0 0 0 
156499  101  8  0 0 0 0 0 0 0 0 
156510  102  8  1 93 1 0 0 0 CA 0 
156589  100  8  0 0 0 0 9C 1 FF 0 
156590  638  8  4D 4B 48 A 0 0 0 0 
156591  639  8  11 9F F 0 0 0 0 0 
156599  101  8  0 0 0 0 0 0 0 0 
156609  102  8  1 93 1 0 0 0 CA 0 
156689  100  8  0 0 0 0 9C 1 FF 0 
156690  638  8  4D 4B 48 A 0 0 0 1 
156691  639  8  11 9F F 0 0 0 0 0 
156699  101  8  0 0 0 0 0 0 0 0 
156709  102  8  1 93 1 0 0 0 CA 0 
156789  100  8  0 0 0 0 9C 1 FF 0 
156790  638  8  4D 4B 48 A 0 0 0 0 
156791  639  8  11 9F F 0 0 0 0 0 
156799  101  8  0 0 0 0 0 0 0 0 
156810  102  8  1 93 1 0 0 0 CA 0 
156889  100  8  0 0 0 0 9C 1 FF 0 
156890  638  8  4D 4B 48 A 0 0 0 1 
156891  639  8  11 9F F 0 0 0 0 0 
156899  101  8  0 0 0 0 0 0 0 0 
156910  102  8  1 93 1 0 0 0 CA 0 
156989  100  8  0 0 0 0 9C 1 FF 0 
156990  638  8  4D 4B 48 A 0 0 0 0 
156991  639  8  11 9F F 0 0 0 0 0 
156999  101  8  0 0 0 0 0 0 0 0 
157009  102  8  1 93 1 0 0 0 CA 0 
157089  100  8  0 0 0 0 9C 1 FF 0 
157090  638  8  4D 4B 48 A 0 0 0 1 
157091  639  8  11 9F F 0 0 0 0 0 
157099  101  8  0 0 0 0 0 0 0 0 
157109  102  8  1 93 1 0 0 0 CA 0 
157189  100  8  0 0 0 0 9C 1 FF 0 
157190  638  8  4D 4B 48 A 0 0 0 0 
157191  639  8  11 9F F 0 0 0 0 0 
157199  101  8  0 0 0 0 0 0 0 0 
157210  102  8  1 93 1 0 0 0 CA 0 
157289  100  8  0 0 0 0 9C 1 FF 0 
157290  638  8  4D 4B 48 A 0 0 0 1 
157291  639  8  11 9F F 0 0 0 0 0 
157299  101  8  0 0 0 0 0 0 0 0 
157310  102  8  1 93 1 0 0 0 CA 0 
157389  100  8  0 0 0 0 9C 1 FF 0 
157390  638  8  4D 4B 48 A 0 0 0 0 
157391  639  8  11 9F F 0 0 0 0 0 
157399  101  8  0 0 0 0 0 0 0 0 
157409  102  8  1 93 1 0 0 0 CA 0 
157489  100  8  0 0 0 0 9C 1 FF 0 
157490  638  8  4D 4B 48 A 0 0 0 1 
157491  639  8  11 9F F 0 0 0 0 0 
157499  101  8  0 0 0 0 0 0 0 0 
157509  102  8  1 93 1 0 0 0 CA 0 
157589  100  8  0 0 0 0 9C 1 FF 0 
157590  638  8  4D 4B 48 A 0 0 0 0 
157591  639  8  11 9F F 0 0 0 0 0 
157599  101  8  0 0 0 0 0 0 0 0 
157610  102  8  1 93 1 0 0 0 CA 0 
157689  100  8  0 0 0 0 9C 1 FF 0 
157690  638  8  4D 4B 48 A 0 0 0 1 
157691  639  8  11 9F F 0 0 0 0 0 
157699  101  8  0 0 0 0 0 0 0 0 
157710  102  8  1 93 1 0 0 0 CA 0 
157789  100  8  0 0 0 0 9C 1 FF 0 
157790  638  8  4D 4B 48 A 0 0 0 0 
157791  639  8  11 9F F 0 0 0 0 0 
157799  101  8  0 0 0 0 0 0 0 0 
157809  102  8  1 93 1 0 0 0 CA 0 
157889  100  8  0 0 0 0 9C 1 FF 0 
157890  638  8  4D 4B 48 A 0 0 0 1 
157891  639  8  11 9F F 0 0 0 0 0 
157899  101  8  0 0 0 0 0 0 0 0 
157909  102  8  1 93 1 0 0 0 CA 0 
157989  100  8  0 0 0 0 9C 1 FF 0 
157990  638  8  4D 4B 48 A 0 0 0 0 
157991  639  8  11 9F F 0 0 0 0 0 
157999  101  8  0 0 0 0 0 0 0 0 
158010  102  8  1 93 1 0 0 0 CA 0 
158089  100  8  0 0 0 0 9C 1 FF 0 
158090  638  8  4D 4B 48 A 0 0 0 1 
158091  639  8  11 9F F 0 0 0 0 0 
158099  101  8  0 0 0 0 0 0 0 0 
158110  102  8  1 93 1 0 0 0 CA 0 
158189  100  8  0 0 0 0 9C 1 FF 0 
158190  638  8  4D 4B 48 A 0 0 0 0 
158191  639  8  11 9F F 0 0 0 0 0 
158199  101  8  0 0 0 0 0 0 0 0 
158209  102  8  1 93 1 0 0 0 CA 0 
158289  100  8  0 0 0 0 9C 1 FF 0 
158290  638  8  4D 4B 48 A 0 0 0 1 
158291  639  8  11 9F F 0 0 0 0 0 
158299  101  8  0 0 0 0 0 0 0 0 
158309  102  8  1 93 1 0 0 0 CA 0 
158389  100  8  0 0 0 0 9C 1 FF 0 
158390  638  8  4D 4B 48 A 0 0 0 0 
158391  639  8  11 9F F 0 0 0 0 0 
158399  101  8  0 0 0 0 0 0 0 0 
158410  102  8  1 93 1 0 0 0 CA 0 
158489  100  8  0 0 0 0 9C 1 FF 0 
158490  638  8  4D 4B 48 A 0 0 0 1 
158491  639  8  11 9F F 0 0 0 0 0 
158499  101  8  0 0 0 0 0 0 0 0 
158510  102  8  1 93 1 0 0 0 CA 0 
158589  100  8  0 0 0 0 9C 1 FF 0 
158590  638  8  4D 4B 48 A 0 0 0 0 
158591  639  8  11 9F F 0 0 0 0 0 
158599  101  8  0 FF 1 0 0 0 0 0 
158609  102  8  1 93 1 0 0 0 CA 0 
158689  100  8  0 0 0 0 9C 1 FF 0 
158690  638  8  4D 4B 48 A 0 0 0 1 
158691  639  8  11 9F F 0 0 0 0 0 
158699  101  8  0 FF 1 0 0 0 0 0 
158709  102  8  1 93 1 0 0 0 CA 0 
158789  100  8  0 0 0 0 9C 1 FF 0 
158790  638  8  4D 4B 48 A 0 0 0 0 
158791  639  8  11 9F F 0 0 0 0 0 
158799  101  8  0 FF 1 0 0 0 0 0 
158809  102  8  1 93 1 0 0 0 CA 0 
158889  100  8  0 0 0 0 9C 1 FF 0 
158890  638  8  4D 4B 48 A 0 0 0 1 
158891  639  8  11 9F F 0 0 0 0 0 
158899  101  8  0 FF 1 0 0 0 0 0 
158909  102  8  1 93 1 0 0 0 CA 0 
E (165319) wifi:sta is connecting, return error
E (180321) wifi:sta is connecting, return error
